product_id,actual_price,discounted_price,discount_percentage,rating,rating_count,n_reviewers
B002PD61Y4,1208.0,507.0,0.58,4.1,8131,16
B002SZEOLG,1339.0,749.0,0.44,4.2,179692,8
B003B00484,499.0,399.0,0.2,4.3,27201,8
B003L62T7W,375.0,279.0,0.26,4.3,31534,8
B004IO5BMQ,995.0,699.0,0.3,4.5,54405,8
B005FYNT3G,650.0,289.0,0.56,4.3,253105,8
B005LJQMCK,599.0,416.0,0.31,4.2,30023,8
B005LJQMZC,1999.0,486.0,0.76,4.2,30023,8
B006LW0WDQ,795.0,399.0,0.5,4.4,12091,8
B0073QGKAS,1499.0,1499.0,0.0,4.3,9331,8
B0083T231O,1499.0,1289.0,0.14,4.5,20668,8
B0085IATT6,1800.0,899.0,0.5,4.1,22375,8
B0085W2MUQ,970.0,765.0,0.21,4.2,6055,8
B0088TKTY2,1399.0,649.0,0.54,4.2,179691,8
B008FWZGSG,599.0,599.0,0.0,4.3,355,16
B008IFXQFU,999.0,499.0,0.5,4.2,179691,8
B008LN8KDM,2095.0,1849.0,0.12,4.3,7681,8
B008P7IF02,5795.0,4799.0,0.17,3.9,3815,8
B008QS9J6Y,2595.0,1990.0,0.23,4.3,20398,8
B008QTK47Q,1745.0,1614.0,0.08,4.3,37974,8
B008YW3CYM,1190.0,616.0,0.48,4.1,37126,8
B008YW8M0G,875.0,775.0,0.11,4.2,46647,8
B00935MD1C,3945.0,2719.0,0.31,3.7,13406,8
B00935MGHS,1795.0,1199.0,0.33,4.2,5967,8
B009DA69W6,1900.0,1699.0,0.11,3.6,11456,8
B009LJ2BXA,999.0,649.0,0.35,3.5,7222,8
B009P2L7CO,1920.0,1099.0,0.43,4.2,9772,8
B009P2LIL4,3080.0,2219.0,0.28,3.6,468,8
B009P2LITG,3279.0,2169.0,0.34,4.1,1716,8
B009P2LK08,1129.0,749.0,0.34,4.0,2446,8
B009P2LK80,1639.0,1409.0,0.14,3.7,787,8
B009UORDX4,975.0,949.0,0.03,4.3,7223,8
B009VCGPSY,649.0,269.0,0.59,4.3,54315,8
B00A0VCJPI,2499.0,1469.0,0.41,4.2,156638,8
B00A328ENA,3945.0,2976.0,0.25,4.2,3740,8
B00A7PLVU6,899.0,753.0,0.16,4.2,18462,8
B00ABMASXG,720.0,539.0,0.25,4.1,36017,8
B00AXHBBXU,550.0,522.0,0.05,4.4,12179,8
B00B3VFJY2,980.0,980.0,0.0,4.2,4740,8
B00B7GKXMG,850.0,699.0,0.18,4.1,1106,8
B00BN5SNF0,250.0,250.0,0.0,3.9,13971,8
B00C3GBCIS,499.0,249.0,0.5,4.2,22860,8
B00CEQEGPI,2295.0,1345.0,0.41,4.2,17413,8
B00DJ5N9VK,150.0,150.0,0.0,4.3,15867,8
B00E3DVQFS,1109.0,879.0,0.21,4.4,31599,8
B00E9G8KOY,600.0,600.0,0.0,4.1,10907,8
B00EDJJ7FS,5295.0,3229.0,0.39,4.2,39724,8
B00EYW1U68,3599.0,1599.0,0.56,4.2,16182,8
B00F159RIK,625.0,499.0,0.2,4.2,5355,8
B00GE55L22,699.0,299.0,0.57,4.1,2957,8
B00GG59HU2,599.0,467.0,0.22,4.4,44054,8
B00GGGOYEK,699.0,259.0,0.63,3.8,2399,8
B00GGGOYEU,699.0,299.0,0.57,3.9,1454,8
B00GHL8VP2,4990.0,3487.77,0.3,4.1,1127,8
B00GZLB57U,699.0,238.0,0.66,4.4,8372,8
B00H0B29DI,2990.0,2199.0,0.26,3.8,1558,8
B00H3H03Q4,1130.0,1130.0,0.0,4.2,13250,8
B00H47GVGY,1695.0,1199.0,0.29,3.6,13300,8
B00HVXS7WC,3210.0,1999.0,0.38,4.2,41349,8
B00HZIOGXW,825.0,610.0,0.26,4.1,13165,8
B00J4YG0PC,720.0,561.0,0.22,4.4,3182,8
B00J5DYCCA,1890.0,1399.0,0.26,4.0,8031,8
B00JBNZPFM,10999.0,6199.0,0.44,4.2,10429,8
B00K32PEW4,535.0,535.0,0.0,4.4,4426,8
B00K57MR22,8478.0,6120.0,0.28,4.6,6550,8
B00KIDSU8S,2360.0,1999.0,0.15,4.2,7801,8
B00KIE28X0,310.0,310.0,0.0,4.5,5882,8
B00KRCBA6E,5000.0,2499.0,0.5,3.8,1889,8
B00KXULGJQ,5499.0,1889.0,0.66,4.2,49551,8
B00LHZW3XY,180.0,125.0,0.31,4.4,8053,8
B00LHZWD0C,315.0,252.0,0.2,4.5,3785,8
B00LM4W1N2,600.0,480.0,0.2,4.3,5719,8
B00LM4X0KU,100.0,100.0,0.0,4.3,3095,8
B00LM4X3XE,100.0,90.0,0.1,4.3,3061,8
B00LOD70SC,210.0,178.0,0.15,4.3,2450,8
B00LP9RFSU,825.0,825.0,0.0,4.0,3246,8
B00LUGTJGO,1549.0,1399.0,0.1,3.9,2602,8
B00LVMTA2A,250.0,225.0,0.1,4.4,26556,8
B00LXTFMRS,225.0,191.0,0.15,4.4,7203,8
B00LY12TH6,230.0,230.0,0.0,4.5,9427,8
B00LY17RHI,225.0,225.0,0.0,4.1,4798,8
B00LY1FN1K,230.0,200.0,0.13,4.4,10170,8
B00LZLPYHW,160.0,137.0,0.14,4.4,6537,8
B00LZLQ624,160.0,157.0,0.02,4.5,8618,8
B00LZPQVMK,320.0,272.0,0.15,4.0,3686,8
B00MFPCY5C,299.0,39.0,0.87,3.5,15233,8
B00MUTWLW4,3295.0,2595.0,0.21,4.4,22618,8
B00N1U7JXM,175.0,90.0,0.49,4.4,7429,8
B00N1U9AJS,165.0,130.0,0.21,3.9,14778,8
B00N3XLDW0,400.0,299.0,0.25,3.8,40895,8
B00NFD0ETQ,2895.0,1995.0,0.31,4.6,10760,8
B00NH11KIK,695.0,209.0,0.7,4.5,107687,16
B00NH11PEY,750.0,199.0,0.73,4.5,74976,16
B00NH12R1O,485.0,299.0,0.38,4.3,10911,8
B00NH13Q8W,800.0,299.0,0.63,4.5,74977,8
B00NM6MO26,3945.0,2698.0,0.32,4.0,15034,8
B00NNQMYNE,499.0,299.0,0.4,4.5,21010,8
B00NW4UWN6,1345.0,1043.0,0.22,3.8,15592,8
B00O24PUO6,1650.0,1464.0,0.11,4.1,14120,8
B00O2R38C4,1490.0,999.0,0.33,4.1,12999,8
B00OFM6PEO,799.0,299.0,0.63,4.3,1902,8
B00P0R95EA,640.0,510.0,0.2,4.1,7229,8
B00P93X0VO,120.0,114.0,0.05,4.2,8938,8
B00P93X2H6,75.0,67.0,0.11,4.1,1269,8
B00P93X6EK,160.0,157.0,0.02,4.5,4428,8
B00PVT30YI,499.0,292.0,0.41,4.1,4238,8
B00R1P3B4O,549.0,549.0,0.0,4.5,4875,8
B00RFWNJMC,499.0,195.0,0.61,3.7,1383,8
B00RGLI0ZS,599.0,449.0,0.25,4.0,3231,8
B00S2SEV7K,100.0,90.0,0.1,4.1,6199,8
B00S9BSJC8,8995.0,6499.0,0.28,4.3,2810,8
B00SH18114,299.0,160.0,0.46,4.6,2781,8
B00SMFPJG0,670.0,649.0,0.03,4.1,7786,8
B00SMJPA9C,940.0,499.0,0.47,4.1,3036,8
B00TDD0YM4,1695.0,1490.0,0.12,4.4,3543,8
B00TI8E7BI,2695.0,2695.0,0.0,4.4,2518,8
B00UGZWM2I,800.0,198.0,0.75,4.1,9344,8
B00URH5E34,39.0,39.0,0.0,3.6,13572,8
B00V4BGDKU,1899.0,1099.0,0.42,4.5,22420,8
B00V9NHDI4,3799.0,2799.0,0.26,3.9,32931,8
B00VA7YYUO,99.0,99.0,0.0,4.3,5036,8
B00W56GLOQ,5000.0,2699.0,0.46,4.0,26164,8
B00Y4ORQ46,795.0,745.0,0.06,4.0,13797,8
B00YMJ0OI8,3645.0,2148.0,0.41,4.1,31388,8
B00YQLG7GK,1695.0,1695.0,0.0,4.2,14290,8
B00ZRBWPA0,180.0,159.0,0.12,4.3,989,8
B00ZYLMQH0,1799.0,549.0,0.69,4.3,28829,8
B0116MIKKC,171.0,99.0,0.42,4.5,11339,8
B0117H7GZ6,399.0,249.0,0.38,3.4,4642,8
B0123P3PWE,1075.0,999.0,0.07,4.1,9275,8
B012ELCYUG,635.0,635.0,0.0,4.3,4570,8
B012MQS060,1795.0,1295.0,0.28,4.1,25771,8
B013B2WGT6,1899.0,1099.0,0.42,4.3,15276,8
B0141EZMAI,800.0,269.0,0.66,3.6,10134,16
B01486F4G6,3690.0,2863.0,0.22,4.3,6987,8
B0148NPH9I,3195.0,2640.0,0.17,4.5,16146,8
B014HDJ7ZE,7445.0,5365.0,0.28,3.9,3584,8
B014I8SSD0,475.0,309.0,0.35,4.4,426973,8
B014I8SX4Y,1400.0,309.0,0.78,4.4,426973,8
B014SZO90Y,315.0,266.0,0.16,4.5,28030,8
B014SZPBM4,400.0,380.0,0.05,4.4,2111,8
B015GX9Y0W,2400.0,1199.0,0.5,3.9,1202,8
B015OW3M1W,1700.0,799.0,0.53,4.1,28638,8
B015ZXUDD0,599.0,479.0,0.2,4.3,11687,8
B0162K34H2,999.0,849.0,0.15,4.1,6736,8
B0162LYSFS,1749.0,799.0,0.54,4.1,5626,8
B016MDK4F4,499.0,185.0,0.63,4.2,25,7
B016XVRKZM,4100.0,3299.0,0.2,3.9,15783,8
B017NC2IPM,2911.0,1799.0,0.38,4.3,20342,8
B017PDR9N0,499.0,149.0,0.7,4.1,25607,8
B0187F2IOK,2199.0,1499.0,0.32,4.4,6531,8
B0188KPKB2,9455.0,3599.0,0.62,4.1,11828,8
B01892MIPA,10900.0,7349.0,0.33,4.2,11957,8
B018SJJ0GE,2999.0,1999.0,0.33,4.4,388,8
B01C8P29N0,1400.0,625.0,0.55,4.2,23316,8
B01C8P29T4,785.0,599.0,0.24,4.2,24247,8
B01CS4A5V4,1690.0,699.0,0.59,4.1,3524,8
B01D5H8LDM,1200.0,489.0,0.59,4.4,69538,8
B01D5H8ZI8,595.0,229.0,0.62,4.3,12835,8
B01D5H90L4,700.0,299.0,0.57,4.4,8714,8
B01DEWVZ2C,999.0,599.0,0.4,4.1,192590,16
B01DF26V7A,1299.0,599.0,0.54,4.1,192589,8
B01DGVKBC6,499.0,287.0,0.42,4.4,8076,8
B01DJJVFPC,315.0,269.0,0.15,4.5,17810,8
B01EJ5MM5M,3875.0,3498.0,0.1,3.4,12185,8
B01EY310UM,1545.0,1321.0,0.14,4.3,15453,8
B01EZ0X3L8,1650.0,729.0,0.56,4.3,82356,8
B01F25X6RQ,499.0,499.0,0.0,4.2,31539,8
B01F262EUU,999.0,949.0,0.05,4.2,31539,8
B01F7B2JCI,450.0,184.0,0.59,4.2,4971,8
B01FSYQ2A4,2990.0,1399.0,0.53,4.1,97175,16
B01GFTEV5Y,3193.0,1699.0,0.47,3.8,54032,8
B01GGKYKQM,700.0,219.0,0.69,4.3,20053,24
B01GGKZ0V6,845.0,329.0,0.61,4.2,29746,16
B01GGKZ4NU,995.0,549.0,0.45,4.2,29746,8
B01GZSQJPA,4295.0,3699.0,0.14,4.1,26543,8
B01HGCLUH6,1699.0,1149.0,0.32,4.2,122478,8
B01HJI0FS2,650.0,299.0,0.54,4.5,33176,8
B01I1LDZGA,1775.0,1499.0,0.16,3.9,14667,8
B01IBRHE3E,499.0,299.0,0.4,4.2,24432,8
B01IOZUHRS,499.0,179.0,0.64,4.1,10174,8
B01J0XWYKQ,895.0,599.0,0.33,4.4,61314,8
B01J1CFO5I,550.0,299.0,0.46,4.6,33434,8
B01J8S6X2I,1100.0,499.0,0.55,4.4,25177,8
B01JOFKL0A,6355.0,5299.0,0.17,3.9,8280,8
B01KCSGBU2,23559.0,14499.0,0.38,4.3,2026,8
B01KK0HU3Y,1499.0,899.0,0.4,4.2,23174,8
B01L6MT7E0,11995.0,8799.0,0.27,4.1,4157,8
B01L7C4IU2,3045.0,2199.0,0.28,4.2,2686,8
B01L8ZNWN2,1500.0,475.0,0.68,4.2,64273,8
B01LONQBDG,899.0,349.0,0.61,4.1,14896,8
B01LWYDEQ7,495.0,199.0,0.6,4.1,270563,8
B01LY9W8AF,1282.0,998.06,0.22,4.2,7274,8
B01LYLJ99X,1300.0,449.0,0.65,4.2,4959,8
B01LYU3BZF,3190.0,2199.0,0.31,4.3,9650,8
B01M0505SJ,2485.0,1400.0,0.44,4.1,19998,8
B01M265AAK,4495.0,3711.0,0.17,4.3,356,8
B01M4GGIVU,699.0,199.0,0.72,4.2,12153,16
B01M5967SY,999.0,379.0,0.62,4.2,12153,8
B01M5B0TPW,2490.0,1819.0,0.27,4.4,7946,8
B01M5F614J,13999.0,6549.0,0.53,4.0,2961,8
B01M6453MB,3045.0,2280.0,0.25,4.1,4118,8
B01M69WCZ6,3550.0,2249.0,0.37,4.0,3973,8
B01M72LILF,1295.0,799.0,0.38,4.4,34852,8
B01MF8MB65,999.0,699.0,0.3,4.1,273189,8
B01MQ2A86A,1645.0,1295.0,0.21,4.6,12375,8
B01MQZ7J8K,1445.0,749.0,0.48,3.9,63350,8
B01MRARGBW,400.0,199.0,0.5,4.1,1379,8
B01MUAUOCX,747.0,688.0,0.08,4.5,2280,8
B01MY839VW,1090.0,549.0,0.5,4.2,13029,8
B01N1XVVLC,15999.0,9590.0,0.4,4.1,1017,8
B01N4EV2TL,1995.0,1495.0,0.25,4.3,7241,8
B01N6IJG0F,1010.0,559.0,0.45,4.1,17325,8
B01N6LU1VF,1400.0,579.0,0.59,4.3,189104,8
B01N90RZ4M,499.0,230.0,0.54,3.7,2960,8
B01NBX5RSB,1547.0,770.0,0.5,4.3,2585,8
B01NCVJMKX,999.0,499.0,0.5,4.1,4859,8
B06XDKWLJH,5734.0,4449.0,0.22,4.4,25006,8
B06XFTHCNY,758.0,439.0,0.42,4.2,4296,8
B06XGWRKYT,15999.0,7999.0,0.5,3.8,3022,8
B06XMZV7RH,499.0,308.0,0.38,3.9,4584,8
B06XPYRWV5,1795.0,1099.0,0.39,4.2,4244,8
B06XR9PR5X,600.0,209.0,0.65,4.4,18872,8
B06XSK3XL6,999.0,571.0,0.43,4.3,38221,8
B06Y36JKC3,300.0,149.0,0.5,4.1,4074,8
B071113J7M,7506.0,5890.0,0.22,4.5,7241,8
B0711PVX6Z,500.0,179.0,0.64,4.2,92595,8
B0718ZN31Q,4999.0,598.0,0.88,4.2,910,8
B071R3LHFM,5500.0,2899.0,0.47,3.8,8958,8
B071SDRGWL,699.0,349.0,0.5,4.3,20850,8
B071VMP1Z4,399.0,399.0,0.0,3.9,1951,8
B071VNHMX2,2095.0,2095.0,0.0,4.5,7949,8
B071Z8M4KX,999.0,365.0,0.63,4.1,363711,8
B07222HQKP,999.0,657.0,0.34,4.3,13944,8
B07232M876,395.0,199.0,0.5,4.2,92595,16
B072J83V9W,9995.0,8999.0,0.1,4.4,17994,8
B072NCN9M4,11850.0,8886.0,0.25,4.2,3065,8
B073BRXPZX,590.0,289.0,0.51,4.4,25886,8
B0746JGVDS,999.0,349.0,0.65,3.9,46399,8
B0746N6WML,450.0,341.0,0.24,4.3,2493,8
B0747VDH9L,3995.0,2742.0,0.31,4.4,11148,8
B074CWD7MS,2495.0,1549.0,0.38,4.4,15137,8
B0752LL57V,440.0,440.0,0.0,4.5,8610,8
B0756CLQWL,3999.0,1699.0,0.58,4.2,25488,8
B0756K5DYZ,6295.0,3249.0,0.48,3.9,43070,8
B0756KCV5K,5295.0,3180.0,0.4,4.2,6919,8
B0758F7KK7,999.0,399.0,0.6,4.0,1236,8
B0759QMF85,2399.0,1529.0,0.36,4.3,68409,8
B075DB1F13,1500.0,1500.0,0.0,4.4,25996,8
B075JJ5NQC,4999.0,3199.0,0.36,4.0,20869,8
B075K76YW1,1395.0,979.0,0.3,4.2,15252,8
B075S9FVRY,7200.0,5490.0,0.24,4.5,1408,8
B075TJHWVC,2299.0,917.0,0.6,4.2,3300,8
B075ZTJ9XR,650.0,269.0,0.59,4.4,35877,8
B0762HXMTF,1950.0,1799.0,0.08,3.9,1888,8
B0763K5HLQ,1499.0,1099.0,0.27,4.1,4401,8
B0765B3TH7,599.0,199.0,0.67,4.5,13568,8
B076B8G5D8,1995.0,798.0,0.6,4.0,68664,8
B076VQS87V,799.0,457.0,0.43,4.3,1868,8
B077BTLQ67,4890.0,2790.0,0.43,3.9,588,8
B077T3BG5L,399.0,329.0,0.18,3.6,33735,8
B077Z65HSD,999.0,299.0,0.7,4.3,20850,24
B0789LZTCJ,799.0,299.0,0.63,4.2,94364,16
B078G6ZF5Z,1199.0,699.0,0.42,4.0,14404,16
B078HG2ZPS,5156.0,3657.66,0.29,3.9,12837,8
B078HRR1XV,4699.0,3303.0,0.3,4.4,13544,8
B078JBK4GX,4560.0,2599.0,0.43,4.4,646,8
B078JDNZJ8,6190.0,3600.0,0.42,4.3,11924,8
B078JF6X9B,6070.0,3645.0,0.4,4.2,561,8
B078JT7LTD,8073.0,6120.0,0.24,4.6,2751,8
B078KRFWQB,3945.0,2499.0,0.37,3.8,2732,8
B078V8R9BS,1111.0,749.0,0.33,4.2,35693,8
B078W65FJ7,2490.0,849.0,0.66,4.2,91188,8
B078WB1VWJ,1599.0,1110.0,0.31,4.3,4022,8
B078XFKBZL,640.0,600.0,0.06,3.8,2593,8
B07924P3C5,799.0,299.0,0.63,4.2,2117,8
B07966M8XH,2999.0,1599.0,0.47,4.2,2727,8
B07989VV5K,1560.0,999.0,0.36,3.6,4881,8
B0798PJPCL,2699.0,1889.0,0.3,4.3,17394,8
B079S811J3,2999.0,1990.0,0.34,4.3,14237,8
B079Y6JZC8,299.0,139.0,0.54,3.8,3044,8
B07B275VN9,799.0,179.0,0.78,3.7,2201,8
B07B5XJ572,3190.0,1456.0,0.54,4.1,1776,8
B07B88KQZ8,2999.0,1999.0,0.33,4.3,63899,8
B07BKSSDR2,1900.0,899.0,0.53,4.0,3663,4
B07BRKK9JQ,1599.0,1299.0,0.19,4.3,27223,8
B07CD2BN46,599.0,429.0,0.28,4.1,119466,8
B07CRL2GY6,799.0,299.0,0.63,4.2,94363,8
B07CVR2L5K,2695.0,1656.0,0.39,4.4,6027,8
B07CWDX49D,1600.0,649.0,0.59,4.3,5451,8
B07CWNJLPC,1200.0,499.0,0.58,4.3,5451,8
B07D2NMTTV,3500.0,3199.0,0.09,4.2,1899,8
B07D8VBYB4,7776.0,5865.0,0.25,4.4,2737,8
B07DC4RZPY,1999.0,709.0,0.65,4.1,178817,8
B07DFYJRQV,1499.0,799.0,0.47,4.1,53648,8
B07DGD4Z4C,5795.0,3499.0,0.4,3.9,25340,8
B07DJ5KYDZ,2796.0,1249.0,0.55,4.4,4598,8
B07DJLFMPS,1600.0,369.0,0.77,4.0,32625,16
B07DKZCZ89,499.0,119.0,0.76,4.3,15032,8
B07DL1KC3H,899.0,299.0,0.67,4.0,1588,8
B07DWFX9YS,1999.0,789.0,0.61,4.2,34540,8
B07DXRGWDJ,5995.0,4280.0,0.29,3.8,2112,8
B07DZ986Q2,8995.0,7799.0,0.13,4.0,3160,8
B07F1P8KNV,1099.0,325.0,0.7,4.2,10576,8
B07F1T31ZZ,400.0,249.0,0.38,4.1,693,8
B07F366Z51,2385.0,949.0,0.6,4.1,2311,8
B07F6GXNPB,500.0,253.0,0.49,4.3,2664,8
B07FJNNZCJ,13049.0,8699.0,0.33,4.3,5891,8
B07FL3WRX5,6500.0,3299.0,0.49,3.7,11217,8
B07FXLC2G2,699.0,698.0,0.0,4.2,3160,8
B07G147SZD,3799.0,2699.0,0.29,4.0,727,8
B07G3YNLJB,3100.0,1815.0,0.41,4.5,92925,8
B07GLNJC25,499.0,330.0,0.34,3.7,8566,8
B07GLS2563,1899.0,1199.0,0.37,4.2,3858,8
B07GLSKXS1,1950.0,1199.0,0.39,3.9,2832,8
B07GMFY9QM,999.0,379.0,0.62,4.3,3096,8
B07GNC2592,999.0,599.0,0.4,4.0,18654,8
B07GPXXNNG,999.0,349.0,0.65,4.1,363713,8
B07GQD4K6L,999.0,379.0,0.62,4.1,363713,8
B07GVGTSLN,1299.0,325.0,0.75,4.2,10576,16
B07GVR9TG7,4999.0,2499.0,0.5,4.4,35024,8
B07GWTWFS2,1975.0,1699.0,0.14,4.1,4716,8
B07GXHC691,499.0,99.0,0.8,4.3,42641,8
B07GXPDLYQ,499.0,249.0,0.5,3.3,8427,8
B07H1S7XW8,499.0,89.0,0.82,4.1,9340,8
B07H3N8RJH,6000.0,3799.0,0.37,4.2,11935,8
B07H3WDC4X,999.0,349.0,0.65,4.0,15646,8
B07H5PBN54,2600.0,999.0,0.62,3.4,252,8
B07H8W9PB6,499.0,175.0,0.65,4.1,21,8
B07HK53XM4,599.0,279.0,0.53,3.5,1367,8
B07HZ2QCGR,599.0,350.0,0.42,3.9,8314,8
B07J2BQZD6,399.0,199.0,0.5,3.7,7945,8
B07J2NGB69,1390.0,629.0,0.55,4.4,6301,8
B07J9KXQCC,2299.0,949.0,0.59,3.6,550,8
B07JB2Y4SR,100.0,90.0,0.1,4.4,10718,8
B07JF9B592,699.0,478.0,0.32,3.8,20218,8
B07JGCGNDG,11500.0,6800.0,0.41,4.1,10308,8
B07JGDB5M1,1299.0,449.0,0.65,4.2,24269,8
B07JH1C41D,1999.0,649.0,0.68,4.2,24269,8
B07JH1CBGW,1999.0,649.0,0.68,4.2,24269,8
B07JJFSG2B,2500.0,889.0,0.64,4.3,55747,8
B07JNVF678,999.0,349.0,0.65,4.2,13120,8
B07JPJJZ2H,1299.0,399.0,0.69,4.2,13120,8
B07JPX9CR7,1299.0,569.0,0.56,4.4,9275,8
B07JQKQ91F,999.0,499.0,0.5,3.9,92995,8
B07JW1Y6XV,1099.0,399.0,0.64,4.2,24269,8
B07JW9H4J1,1099.0,399.0,0.64,4.2,24270,24
B07JZSG42Y,2590.0,1928.0,0.26,4.0,2377,8
B07K19NYZ8,3290.0,2320.0,0.29,3.8,195,8
B07K2HVKLL,1020.0,640.0,0.37,4.1,5059,8
B07KCMR8D6,50.0,50.0,0.0,4.3,5792,8
B07KKJPTWB,1999.0,1599.0,0.2,4.4,1558,8
B07KNM95JK,1150.0,598.0,0.48,4.1,2535,8
B07KR5P3YD,699.0,448.0,0.36,3.9,17348,8
B07KRCW6LZ,1599.0,999.0,0.38,4.3,12093,16
B07KSB1MLX,1600.0,1089.0,0.32,4.0,3565,8
B07KSMBL2H,700.0,219.0,0.69,4.4,426973,16
B07KY3FNQP,1290.0,449.0,0.65,4.1,91770,8
B07L1N3TJX,3499.0,1699.0,0.51,3.6,7689,8
B07L3NDN24,799.0,499.0,0.38,3.9,6742,8
B07L5L4GTB,404.0,309.0,0.24,4.4,8614,8
B07L8KNP5F,1399.0,599.0,0.57,3.8,60026,8
B07L9FW9GF,249.0,149.0,0.4,4.0,5057,8
B07LDN9Q2P,1295.0,889.0,0.31,4.3,6400,8
B07LDPLSZC,1190.0,849.0,0.29,4.2,4184,8
B07LFQLKFZ,420.0,420.0,0.0,4.2,1926,8
B07LFWP97N,1099.0,269.0,0.76,4.1,1092,8
B07LG59NPV,4499.0,899.0,0.8,3.8,103052,8
B07LG96SDB,510.0,335.0,0.34,3.8,3195,8
B07LGT55SJ,1099.0,399.0,0.64,4.2,24269,8
B07M69276N,2499.0,1399.0,0.44,4.4,23169,8
B07MDRGHWQ,11000.0,5699.0,0.48,4.2,4003,8
B07MKFNHKG,12999.0,6999.0,0.46,4.2,4003,8
B07MKMFKPG,10590.0,6999.0,0.34,4.4,11499,8
B07MP21WJD,299.0,245.0,0.18,4.1,1660,8
B07MSLTW8Z,1999.0,549.0,0.73,3.6,6422,8
B07N2MGB3G,1999.0,1699.0,0.15,4.1,8873,8
B07N42JB4S,3990.0,799.0,0.8,4.3,27139,8
B07N8RQ6W7,699.0,134.0,0.81,4.1,16685,8
B07NC12T2R,4990.0,1799.0,0.64,4.2,41226,8
B07NCKMXVZ,999.0,455.0,0.54,4.1,3578,8
B07NKNBTT3,1230.0,799.0,0.35,4.1,2138,8
B07NPBG1B4,3300.0,1982.84,0.4,4.1,5873,8
B07NRTCDS5,1499.0,1199.0,0.2,3.8,2206,8
B07NTKGW45,899.0,397.0,0.56,4.0,3025,8
B07P1BR7L8,8995.0,8599.0,0.04,4.4,9734,8
B07P434WJY,1999.0,549.0,0.73,4.3,1367,8
B07P681N66,2199.0,1199.0,0.45,4.4,24780,16
B07PFJ5VQD,595.0,159.0,0.73,4.3,14184,8
B07PFJ5W31,495.0,139.0,0.72,4.3,14185,8
B07PLHTTB4,499.0,100.0,0.8,3.5,9638,8
B07PR1CL3S,3990.0,1220.0,0.69,4.1,107151,8
B07Q4NJQC5,599.0,295.0,0.51,4.0,1644,8
B07Q4QV1DL,1499.0,269.0,0.82,4.5,28978,8
B07Q7561HD,180.0,149.0,0.17,4.4,644,8
B07QCWY5XV,1399.0,599.0,0.57,4.1,14560,8
B07QDSN9V6,1595.0,699.0,0.56,4.1,8090,8
B07QHHCB27,2100.0,1499.0,0.29,4.1,6355,8
B07QMRHWJD,999.0,298.0,0.7,4.3,1552,8
B07QZ3CZ48,1290.0,399.0,0.69,4.2,206,8
B07R679HTT,23999.0,12609.0,0.47,4.4,2288,8
B07R99NBVB,599.0,249.0,0.58,4.5,5985,8
B07RCGTZ4M,9999.0,6236.0,0.38,4.1,3552,8
B07RD611Z8,2499.0,1799.0,0.28,4.1,18678,16
B07RX14W1Q,900.0,499.0,0.45,4.4,2165,8
B07RX42D3D,350.0,260.0,0.26,3.9,13127,8
B07RY2X9MP,1500.0,609.0,0.59,4.5,1029,8
B07RZZ1QSW,799.0,326.0,0.59,4.4,10773,8
B07S7DCJKS,499.0,199.0,0.6,4.3,9998,8
B07S851WX5,1299.0,1299.0,0.0,4.2,40106,8
B07S9M8YTY,1390.0,717.0,0.48,4.0,4867,8
B07S9S86BF,1490.0,599.0,0.6,4.1,161679,8
B07SBGFDX9,120.0,120.0,0.0,4.1,4308,8
B07SLMR1K6,1350.0,519.0,0.62,4.3,30058,8
B07SLNG3LW,10295.0,3859.0,0.63,3.9,8095,8
B07SPVMSC6,2660.0,1399.0,0.47,4.1,9349,8
B07SRM58TP,2099.0,1665.0,0.21,4.0,14368,8
B07SY4C3TD,723.0,596.0,0.18,4.4,3219,8
B07SYYVP69,1950.0,809.0,0.59,3.9,710,8
B07T4D9FNY,1490.0,664.0,0.55,4.0,2198,8
B07T5DKR5D,399.0,149.0,0.63,3.5,21764,8
B07T9FV9YP,1799.0,749.0,0.58,4.0,13199,8
B07TC9F7PN,16899.0,8699.0,0.49,4.2,3195,8
B07TCN5VR9,999.0,329.0,0.67,3.9,77027,8
B07TMCXRFV,1599.0,1234.0,0.23,4.5,16680,8
B07TR5HSR9,1499.0,656.0,0.56,4.3,25903,8
B07TTSS5MP,3299.0,1799.0,0.45,3.8,1846,8
B07TXCY3YK,3899.0,2237.81,0.43,3.9,11004,8
B07V5YF4ND,1199.0,299.0,0.75,3.5,466,8
B07V82W5CN,2198.0,1349.0,0.39,4.0,7113,8
B07VJ9ZTXS,599.0,299.0,0.5,4.0,171,8
B07VNFP3C2,1245.0,749.0,0.4,3.9,31783,8
B07VQGVL68,499.0,293.0,0.41,3.9,44994,8
B07VSG5SXZ,1499.0,637.0,0.58,4.1,24,7
B07VTFN6HM,7350.0,5599.0,0.24,4.4,73005,8
B07VV37FT4,250.0,250.0,0.0,4.2,2628,8
B07VVXJ2P5,399.0,96.0,0.76,3.6,1796,8
B07VX71FZP,2000.0,1199.0,0.4,4.0,18543,8
B07VZH6ZBB,12500.0,7799.0,0.38,4.0,5160,8
B07VZYMQNZ,1440.0,1180.0,0.18,4.2,1527,8
B07W14CHV8,799.0,199.0,0.75,4.1,7333,8
B07W4HTS8Q,3790.0,1899.0,0.5,3.8,3842,8
B07W6VWZ8C,1999.0,899.0,0.55,4.1,30469,8
B07W7Z6DVL,2999.0,1499.0,0.5,4.1,25262,8
B07W9KYT62,3999.0,2499.0,0.38,4.4,12679,8
B07WDK3ZS2,29990.0,20999.0,0.3,4.3,9499,8
B07WDK3ZS6,18999.0,15499.0,0.18,4.1,19252,8
B07WDKLDRX,34999.0,28999.0,0.17,4.4,20311,2
B07WDKLRM4,19999.0,13999.0,0.3,4.1,19252,8
B07WFPMGQQ,27990.0,19999.0,0.29,4.3,9499,8
B07WG8PDCW,1299.0,349.0,0.73,4.0,14283,16
B07WGMMQGP,20999.0,16499.0,0.21,4.0,21350,8
B07WGPBXY9,1249.0,899.0,0.28,3.9,17424,8
B07WGPKMP5,20999.0,15499.0,0.26,4.1,19253,8
B07WGPKTS4,19999.0,13999.0,0.3,4.1,19252,8
B07WHQBZLS,21990.0,17999.0,0.18,4.0,21350,8
B07WHQWXL7,20999.0,15499.0,0.26,4.1,19252,8
B07WHS7MZ1,39990.0,29990.0,0.25,4.3,8399,8
B07WHSJXLF,29990.0,20999.0,0.3,4.3,9499,8
B07WJV6P1R,18999.0,15499.0,0.18,4.1,19252,8
B07WJWRNVK,20990.0,16499.0,0.21,4.0,21350,8
B07WJXCTG9,1345.0,699.0,0.48,3.9,8446,8
B07WKB69RS,5550.0,2088.0,0.62,4.0,5292,8
B07WKBD37W,999.0,425.0,0.57,4.0,2581,8
B07WMS7TWB,1245.0,649.0,0.48,3.9,123365,8
B07WNK1FFN,1699.0,1260.0,0.26,4.2,2891,8
B07WVQG8WZ,4995.0,3299.0,0.34,3.8,1393,8
B07X2L5Z8C,2295.0,1490.0,0.35,4.6,10652,8
B07X963JNS,2499.0,900.0,0.64,4.0,36384,8
B07XCM6T4N,1499.0,349.0,0.77,4.3,24791,8
B07XJWTYM2,1999.0,1679.0,0.16,4.1,72563,6
B07XJYYH7L,999.0,333.0,0.67,3.3,9792,16
B07XLCFSSN,1900.0,899.0,0.53,4.4,13552,24
B07XLML2YS,3299.0,2499.0,0.24,4.2,93112,8
B07Y1RCCW5,2550.0,1190.0,0.53,3.8,1181,8
B07Y5FDPKV,2400.0,1745.0,0.27,4.2,14160,8
B07Y9PY6Y1,8820.0,6525.0,0.26,4.5,5137,8
B07YC8JHMB,16000.0,8199.0,0.49,3.9,18497,8
B07YCBSCYB,3300.0,1999.0,0.39,4.2,780,8
B07YFWVRCM,7500.0,2299.0,0.69,4.1,5554,8
B07YL54NVJ,999.0,549.0,0.45,4.3,7758,8
B07YNHCW6N,2499.0,549.0,0.78,4.3,5556,8
B07YNTJ8ZM,999.0,549.0,0.45,3.9,64705,8
B07YQ5SN4H,595.0,299.0,0.5,4.0,314,8
B07YR26BJ3,2000.0,1199.0,0.4,4.0,14030,8
B07YSJ7FF1,1100.0,645.0,0.41,4.0,3271,8
B07YTNKVJQ,1299.0,499.0,0.62,4.3,30411,8
B07YWS9SP9,999.0,599.0,0.4,4.0,7601,8
B07YY1BY5B,4999.0,1499.0,0.7,4.0,92588,8
B07YZG8PPY,2299.0,1249.0,0.46,4.3,7636,8
B07Z1X6VFC,999.0,449.0,0.55,4.4,9940,8
B07Z1YVP72,999.0,449.0,0.55,4.3,11330,8
B07Z1Z77ZZ,999.0,449.0,0.55,4.3,9701,8
B07Z3K96FR,1499.0,399.0,0.73,4.1,5730,8
B07Z51CGGH,9999.0,5499.0,0.45,3.8,4353,8
B07Z53L5QL,1499.0,549.0,0.63,4.3,11006,8
B07ZJND9B9,1990.0,1099.0,0.45,3.9,5911,8
B07ZKD8T1Q,2999.0,1499.0,0.5,4.5,8656,8
B07ZR4S1G4,699.0,239.0,0.66,4.4,2640,6
B0811VCGL5,12999.0,9970.0,0.23,4.3,4049,8
B0814LP6S9,1099.0,351.0,0.68,3.7,1470,8
B0814P4L98,999.0,351.0,0.65,4.0,5380,8
B0814ZY6FP,1199.0,899.0,0.25,3.8,10751,8
B0819HZPXL,549.0,399.0,0.27,4.4,18139,8
B0819ZZK5K,2800.0,1109.0,0.6,4.3,53464,8
B081B1JL35,2499.0,1049.0,0.58,3.7,638,8
B081FG1QYX,999.0,339.0,0.66,4.3,6255,8
B081FJWN52,999.0,339.0,0.66,4.3,6255,8
B081NHWT6Z,1199.0,299.0,0.75,3.9,1193,8
B081RLM75M,599.0,369.0,0.38,3.9,82,8
B08235JZFB,1000.0,850.0,0.15,4.1,7619,8
B08243SKCK,299.0,189.0,0.37,4.2,2737,8
B082FTPRSK,1999.0,999.0,0.5,4.2,27441,8
B082KVTRW8,1900.0,1199.0,0.37,4.0,1765,8
B082LSVT4B,399.0,249.0,0.38,4.0,43994,16
B082LZGK39,299.0,199.0,0.33,4.0,43994,16
B082T6GVG9,1500.0,689.0,0.54,4.2,42301,8
B082T6GVLJ,1809.0,849.0,0.53,4.3,6547,8
B082T6GXS5,2100.0,999.0,0.52,4.5,5492,8
B082T6V3DT,2100.0,799.0,0.62,4.3,8188,24
B082ZQ4479,4330.0,3710.0,0.14,3.7,1662,8
B0832W3B7Q,3595.0,1799.0,0.5,3.8,9791,8
B083342NKJ,399.0,349.0,0.13,4.4,18757,24
B0836JGZ74,2499.0,1049.0,0.58,3.6,328,8
B083GKDRKR,2995.0,1625.0,0.46,4.5,23484,8
B083GQGT3Z,799.0,399.0,0.5,4.1,1161,8
B083J64CBB,499.0,199.0,0.6,4.0,10234,8
B083M7WPZD,5999.0,3199.0,0.47,4.0,3242,8
B083P71WKK,1500.0,799.0,0.47,4.3,9695,8
B083RC4WFJ,799.0,320.0,0.6,4.2,3846,8
B083RCTXLL,1199.0,681.0,0.43,4.2,8258,8
B083RD1J99,399.0,328.0,0.18,4.1,3441,8
B083T5G5PM,1990.0,1490.0,0.25,4.1,98250,2
B0841KQR1Z,999.0,299.0,0.7,3.8,928,8
B08444S68L,15990.0,12490.0,0.22,4.2,58506,8
B08461VC1Z,1995.0,999.0,0.5,4.5,7317,8
B0846D5CBP,1295.0,1295.0,0.0,4.5,5760,8
B084872DQY,14999.0,14999.0,0.0,4.3,27508,8
B08497Z1MQ,700.0,599.0,0.14,4.3,2301,8
B08498D67S,1800.0,1149.0,0.36,4.3,4723,8
B08498H13H,3499.0,1519.0,0.57,4.3,408,8
B084BR3QX8,999.0,149.0,0.85,3.5,2523,8
B084DTMYWK,999.0,329.0,0.67,4.2,3492,8
B084MZXJN6,1699.0,999.0,0.41,4.4,7318,8
B084MZXJNK,1999.0,1599.0,0.2,4.4,1951,8
B084MZYBTV,849.0,599.0,0.29,4.5,474,8
B084N133Y7,1999.0,1499.0,0.25,4.4,1951,8
B084N18QZY,849.0,599.0,0.29,4.5,577,8
B084N1BM9L,1999.0,1299.0,0.35,4.4,7318,8
B084PJSSQ1,3000.0,1299.0,0.57,4.3,23022,8
B085194JFL,499.0,279.0,0.44,3.7,10962,16
B0856HNMR7,2499.0,1199.0,0.52,4.0,33584,8
B0856HY85J,4999.0,1799.0,0.64,4.1,55192,8
B0859M539M,2999.0,1699.0,0.43,4.4,24780,8
B085CZ3SR1,599.0,499.0,0.17,4.2,21916,8
B085DTN6R2,899.0,350.0,0.61,4.2,2263,24
B085HY1DGR,999.0,99.0,0.9,4.0,1396,16
B085LPT5F4,2800.0,1649.0,0.41,3.9,2162,8
B085W8CFLH,1800.0,599.0,0.67,3.5,83996,8
B086199CWG,4799.0,3349.0,0.3,3.7,4200,8
B086394NY5,2490.0,1399.0,0.44,4.3,11074,8
B086GVRP63,2400.0,1189.0,0.5,4.1,618,8
B086JTMRYL,1899.0,1519.0,0.2,4.4,19763,8
B086PXQ2R4,165.0,165.0,0.0,4.5,1674,8
B086Q3QMFS,120.0,120.0,0.0,4.5,4951,8
B086WMSCN3,5999.0,1199.0,0.8,3.9,47521,8
B086X18Q71,12150.0,9799.0,0.19,4.3,13251,8
B0873L7J6X,3999.0,1499.0,0.63,4.2,42775,8
B087FXHB6J,999.0,699.0,0.3,3.5,15295,8
B087JWLZ2K,50000.0,24499.0,0.51,3.9,3518,2
B0883KDSXC,990.0,599.0,0.39,3.9,16166,8
B0883LQJ6B,1690.0,1199.0,0.29,4.2,4580,8
B088GXTJM3,1299.0,699.0,0.46,4.3,6183,8
B088WCFPQF,1500.0,1099.0,0.27,4.5,1065,8
B088Z1YWBC,15990.0,9490.0,0.41,3.9,10480,8
B088ZFJY82,1499.0,314.0,0.79,4.5,28978,8
B088ZTJT2R,1295.0,719.0,0.44,4.2,17218,8
B089BDBDGM,249.0,219.0,0.12,4.0,1108,8
B089WB69Y1,649.0,249.0,0.62,4.0,14404,8
B08B42LWKN,19999.0,14999.0,0.25,4.2,34899,8
B08B6XWQ1C,995.0,349.0,0.65,4.2,6676,8
B08BCKN299,999.0,120.0,0.88,3.9,6491,16
B08BG4M4N7,499.0,199.0,0.6,3.8,538,8
B08BJN4MP3,24850.0,13999.0,0.44,4.4,8948,8
B08BQ947H3,149.0,149.0,0.0,4.3,10833,8
B08C4Z69LN,3500.0,1792.0,0.49,4.5,26194,8
B08C7TYHPB,1490.0,664.0,0.55,4.1,925,8
B08CDKQ8T6,349.0,154.0,0.56,4.3,7064,16
B08CF3B7N1,399.0,154.0,0.61,4.2,16905,24
B08CF3D7QR,339.0,154.0,0.55,4.3,13391,24
B08CF4SCNP,599.0,299.0,0.5,3.8,3066,8
B08CFCK6CW,7999.0,1199.0,0.85,3.6,25910,8
B08CFJBZRK,6295.0,3249.0,0.48,3.8,14062,8
B08CGW4GYR,999.0,375.0,0.62,3.6,1988,8
B08CHKQ8D4,1499.0,719.0,0.52,4.1,1045,8
B08CHZ3ZQ7,799.0,599.0,0.25,4.3,15790,8
B08CKW1KH9,599.0,204.0,0.66,3.6,339,8
B08CNLYKW5,3398.0,1699.0,0.5,3.8,7988,8
B08CRRQK6Z,12499.0,4999.0,0.6,4.2,4541,8
B08CS3BT4L,12999.0,9999.0,0.23,4.2,6088,8
B08CT62BM1,999.0,299.0,0.7,4.3,2651,8
B08CTNJ985,999.0,325.0,0.67,4.3,2651,8
B08CTQP51L,1499.0,379.0,0.75,4.2,4149,8
B08CYNJ5KY,861.0,828.0,0.04,4.2,4567,8
B08CYPB15D,761.0,717.0,0.06,4.0,7199,8
B08CZHGHKH,1399.0,499.0,0.64,3.9,1462,8
B08D11DZ2W,8999.0,1499.0,0.83,3.7,28324,8
B08D64C9FN,2799.0,575.0,0.79,4.2,8537,8
B08D6RCM3Q,899.0,355.0,0.61,4.1,1051,8
B08D75R3Z1,1900.0,299.0,0.84,3.6,18202,8
B08D77XZX5,2499.0,599.0,0.76,3.9,58162,8
B08D9MNH4B,7005.0,5899.0,0.16,3.6,4199,8
B08D9NDZ1Y,4332.96,3999.0,0.08,3.5,21762,8
B08DCVRW98,499.0,209.0,0.58,4.0,479,8
B08DDRGWTJ,299.0,229.0,0.23,4.3,30411,24
B08DPLCM6T,21990.0,13490.0,0.39,4.3,11976,16
B08F47T4X5,89.0,89.0,0.0,4.2,19621,8
B08FB2LNSZ,2999.0,1499.0,0.5,3.7,87798,8
B08FD2VSD9,51990.0,24990.0,0.52,4.2,2951,8
B08FGNPQ9X,2999.0,1199.0,0.6,4.1,10725,8
B08FN6WGDQ,15990.0,4790.0,0.7,4.0,4390,8
B08FTFXNNB,1999.0,499.0,0.75,3.7,3369,8
B08FY4FG5X,2499.0,649.0,0.74,3.9,13049,8
B08FYB5HHK,1999.0,1199.0,0.4,4.5,22420,8
B08G1RW2Q3,799.0,299.0,0.63,4.0,151,8
B08G28Z33M,699.0,399.0,0.43,4.0,37817,8
B08G43CCLC,999.0,218.0,0.78,4.2,163,8
B08G8H8DPL,6375.0,3249.0,0.49,4.0,4978,8
B08GJ57MKL,59900.0,14400.0,0.76,4.4,3837,8
B08GJNM9N7,1199.0,299.0,0.75,3.7,490,8
B08GM5S4CQ,14290.0,6990.0,0.51,4.4,1771,8
B08GSQXLJ2,10400.0,6199.0,0.4,4.1,14391,8
B08GTYFC37,32000.0,10389.0,0.68,4.4,41398,8
B08GYG6T12,800.0,449.0,0.44,4.4,69585,8
B08H21B6V7,2999.0,2599.0,0.13,3.9,14266,8
B08H5L8V1L,1099.0,379.0,0.66,4.3,3049,8
B08H673XKN,7795.0,3249.0,0.58,4.2,4664,8
B08H6B3G96,3995.0,3349.0,0.16,4.3,1954,8
B08H6CZSHT,3295.0,2903.0,0.12,4.3,2299,8
B08H9Z3XQW,1490.0,455.0,0.69,4.1,161677,8
B08HD7JQHX,499.0,199.0,0.6,3.3,2804,8
B08HDCWDXD,6999.0,3179.0,0.55,4.0,743,8
B08HDH26JX,699.0,299.0,0.57,4.2,94363,8
B08HDJ86NZ,699.0,329.0,0.53,4.2,94364,24
B08HF4W2CT,3499.0,1599.0,0.54,4.0,36384,8
B08HLC7Z3G,2995.0,1182.0,0.61,4.2,5178,8
B08HLZ28QC,3490.0,1199.0,0.66,4.1,11716,8
B08HQL67D6,599.0,599.0,0.0,4.0,26423,8
B08HV25BBQ,4999.0,1499.0,0.7,4.0,92588,8
B08HV83HL3,2199.0,2049.0,0.07,4.3,178912,8
B08HVJCW95,2199.0,1149.0,0.48,4.3,178912,8
B08HVL8QN3,2199.0,1149.0,0.48,4.3,178912,8
B08J4PL1Z3,1490.0,699.0,0.53,4.0,5736,8
B08J7VCT12,14999.0,6999.0,0.53,4.1,1728,8
B08J82K4GX,19110.0,10099.0,0.47,4.3,2623,8
B08JD36C6H,450.0,349.0,0.22,4.1,18656,8
B08JKPVDKL,699.0,279.0,0.6,4.3,2326,8
B08JMC1988,2490.0,999.0,0.6,4.1,18331,8
B08JQN8DGZ,2990.0,1299.0,0.57,3.8,180998,8
B08JV91JTK,1299.0,474.0,0.64,4.1,550,8
B08JW1GVS7,3999.0,2179.0,0.46,4.0,8380,8
B08K36NZSV,999.0,499.0,0.5,4.3,1436,8
B08K4PSZ3V,999.0,349.0,0.65,3.8,16557,16
B08K4RDQ71,999.0,349.0,0.65,3.8,16557,8
B08K9PX15C,1499.0,849.0,0.43,4.0,7352,8
B08KDBLMQP,2500.0,1290.0,0.48,4.0,6530,8
B08KHM9VBJ,3250.0,2099.0,0.35,3.8,11213,8
B08KRMK9LZ,5999.0,2025.0,0.66,4.2,6233,8
B08KS2KQTK,499.0,293.0,0.41,4.1,1456,8
B08L4SBJRY,1299.0,349.0,0.73,4.0,3295,8
B08L5FM4JC,2400.0,649.0,0.73,4.4,67260,8
B08L5HMJVW,700.0,369.0,0.47,4.4,67259,8
B08L7J3T31,919.0,379.0,0.59,4.0,1090,8
B08L879JSN,13750.0,6299.0,0.54,4.2,2014,8
B08LHTJTBB,1999.0,599.0,0.7,4.4,4736,8
B08LKS3LSP,999.0,345.0,0.65,3.7,1097,8
B08LPJZSSW,995.0,399.0,0.6,3.9,21372,8
B08LT9BMPP,1995.0,1495.0,0.25,4.5,10541,8
B08LVVTGZK,1300.0,929.0,0.29,3.9,1672,8
B08LW31NQ6,2890.0,1439.0,0.5,4.5,4099,8
B08M66K48D,599.0,299.0,0.5,4.3,4674,8
B08MC57J31,2499.0,1499.0,0.4,4.3,15970,8
B08MCD9JFY,1999.0,799.0,0.6,3.8,12958,8
B08MTCKDYN,299.0,119.0,0.6,4.1,5999,16
B08MTLLSL8,1290.0,399.0,0.69,4.2,76042,8
B08MV82R99,1020.0,653.0,0.36,4.1,3366,8
B08MVSGXMY,2300.0,1498.0,0.35,3.8,95,8
B08MVXPTDG,4200.0,2590.0,0.38,4.1,63,8
B08MWJTST6,1299.0,279.0,0.79,4.0,5072,8
B08MXJYB2V,3390.0,2449.0,0.28,4.0,5206,8
B08MZNT7GP,19825.0,12499.0,0.37,4.1,322,8
B08MZQBFLN,4999.0,849.0,0.83,4.0,20457,8
B08N1WL9XW,599.0,182.0,0.7,4.0,9378,8
B08N6P8G5K,10995.0,6790.0,0.38,4.5,3192,8
B08NCKT9FG,798.0,299.0,0.63,4.4,28791,8
B08NW8GHCJ,999.0,389.0,0.61,4.3,838,8
B08P9RYPLR,249.0,129.0,0.48,4.0,9378,8
B08PFSZ7FH,1499.0,299.0,0.8,4.2,903,8
B08PKBMJKS,499.0,197.0,0.61,3.8,136,8
B08PPHFXG3,999.0,173.0,0.83,4.3,1237,8
B08PSQRW2T,1099.0,399.0,0.64,4.1,2685,8
B08PSVBB2X,1099.0,399.0,0.64,4.1,2685,8
B08PV1X771,20900.0,15490.0,0.26,4.3,16299,8
B08PZ6HZLT,18999.0,8999.0,0.53,4.0,6347,8
B08QDPB1SL,220.0,190.0,0.14,4.4,2866,8
B08QHLXWV3,11990.0,6850.0,0.43,3.9,144,8
B08QJJCY2Q,299.0,169.0,0.43,4.4,5176,8
B08QSC1XY8,1099.0,389.0,0.65,4.3,974,16
B08QSDKFGQ,1099.0,339.0,0.69,4.3,974,8
B08QW937WV,2999.0,1448.0,0.52,4.5,19,8
B08QX1CC14,19125.0,7299.0,0.62,3.4,902,8
B08R69VDHT,499.0,115.0,0.77,4.0,7732,24
B08R69WBN7,499.0,149.0,0.7,4.0,7732,8
B08RDWBYCQ,999.0,549.0,0.45,4.0,1313,8
B08RHPDNVV,599.0,235.0,0.61,3.5,197,8
B08RP2L2NL,999.0,347.0,0.65,3.5,1121,8
B08RWCZ6SY,899.0,399.0,0.56,3.9,254,8
B08RX8G496,1099.0,655.0,0.4,3.2,285,8
B08RZ12GKR,499.0,215.0,0.57,3.5,121,8
B08RZ5K9YH,1999.0,999.0,0.5,4.3,1777,8
B08S6RKT4L,4290.0,2599.0,0.39,4.4,2116,8
B08S74GTBT,1999.0,799.0,0.6,3.7,418,8
B08S7V8YTN,3500.0,1199.0,0.66,4.3,1802,8
B08SBH499M,1300.0,649.0,0.5,4.1,5195,8
B08SCCG9D4,2000.0,949.0,0.53,3.9,14969,8
B08SJVD8QD,389.0,379.0,0.03,4.2,3739,8
B08SKZ2RMG,999.0,475.0,0.52,4.1,1021,8
B08SMJT55F,3990.0,1199.0,0.7,4.2,2908,8
B08T8KWNQ9,4999.0,1449.0,0.71,3.6,63,8
B08TDJ5BVF,39.0,39.0,0.0,3.8,3344,8
B08TDJNM3G,59.0,59.0,0.0,3.8,5958,8
B08TGG316Z,2399.0,999.0,0.58,4.6,3664,3
B08TM71L54,4195.0,3190.0,0.24,4.0,1282,8
B08TR61BVK,1499.0,299.0,0.8,4.2,2868,8
B08TT63N58,2199.0,499.0,0.77,3.1,3527,8
B08TTRVWKY,1899.0,1099.0,0.42,4.3,1811,8
B08TV2P1N8,3990.0,1399.0,0.65,4.1,141841,8
B08TZD7FQN,599.0,299.0,0.5,3.7,708,8
B08V9C4B1J,999.0,349.0,0.65,4.3,838,8
B08VB2CMR3,20990.0,15490.0,0.26,4.2,32916,8
B08VB34KJ1,20990.0,15490.0,0.26,4.2,32916,8
B08VB57558,74999.0,37990.0,0.49,4.2,27790,2
B08VF8V79P,1699.0,1075.0,0.37,4.4,7462,8
B08VFF6JQ8,1699.0,1219.0,0.28,4.4,8891,8
B08VGDBF3B,499.0,395.0,0.21,4.0,330,8
B08VGFX2B6,199.0,177.0,0.11,4.1,3688,8
B08VGM3YMF,499.0,199.0,0.6,4.1,1996,8
B08VJFYH6N,1620.0,948.0,0.41,4.1,4370,8
B08VRMK55F,699.0,399.0,0.43,3.4,3454,8
B08VS3YLRK,1499.0,529.0,0.65,4.1,8599,8
B08W56G1K9,999.0,99.0,0.9,4.1,8751,8
B08W9BK4MD,899.0,351.0,0.61,3.9,296,8
B08WD18LJZ,600.0,249.0,0.59,4.0,1208,8
B08WJ86PV2,990.0,299.0,0.7,4.5,2453,8
B08WKCTFF3,1999.0,899.0,0.55,4.4,1667,8
B08WKFSN84,1099.0,379.0,0.66,4.3,2806,8
B08WKG2MWT,1099.0,379.0,0.66,4.3,2806,8
B08WLY8V9S,899.0,425.0,0.53,4.5,4219,8
B08WRBG3XW,499.0,199.0,0.6,4.1,13045,16
B08WRKSF9D,8500.0,6499.0,0.24,4.4,5865,8
B08WRWPM22,499.0,176.63,0.65,4.1,15189,24
B08WWKM5HQ,4780.0,2599.0,0.46,3.9,898,8
B08X77LM8C,999.0,99.0,0.9,3.8,594,8
B08XLR6DSB,1499.0,721.0,0.52,3.1,2449,8
B08XMG618K,499.0,225.0,0.55,4.1,789,8
B08XMSKKMM,1999.0,799.0,0.6,3.3,576,8
B08XNL93PL,2999.0,1399.0,0.53,4.3,3530,8
B08XXF5V6G,50999.0,29999.0,0.41,4.4,1712,8
B08XXVXP3J,999.0,249.0,0.75,4.3,112,8
B08Y1SJVV5,666.66,99.0,0.85,3.9,24871,16
B08Y1TFSP6,1000.0,149.0,0.85,3.9,24871,24
B08Y55LPBF,44999.0,32999.0,0.27,4.2,45238,8
B08Y57TPDM,200.0,116.0,0.42,4.3,485,8
B08Y5KXR6Z,800.0,99.0,0.88,3.9,24871,8
B08Y5QJTVK,200.0,116.0,0.42,4.4,357,8
B08Y5QJXSR,5190.0,3569.0,0.31,4.3,28629,8
B08Y7MXFMK,1499.0,1099.0,0.27,4.2,2375,8
B08YD264ZS,2499.0,999.0,0.6,4.3,1690,8
B08YDFX7Y1,449.0,299.0,0.33,3.5,11827,8
B08YK7BBD2,999.0,429.0,0.57,3.0,617,8
B08YRMBK9R,6299.0,3249.0,0.48,3.9,2569,8
B08YXJJW8H,399.0,247.0,0.38,3.9,200,8
B08ZHYNTM1,4005.0,2899.0,0.28,4.3,7140,8
B08ZJDWTJ1,4999.0,4098.0,0.18,4.5,50810,8
B08ZN4B121,1599.0,539.0,0.66,3.8,14648,8
B08ZXZ362Z,3098.0,1563.0,0.5,3.5,2283,8
B09127FZCK,899.0,299.0,0.67,3.8,425,8
B0912WJ87V,4000.0,2339.0,0.42,3.8,1118,8
B09163Q5CD,1929.0,1187.0,0.38,4.1,1662,8
B091JF2TFD,1299.0,499.0,0.62,3.9,1173,8
B091KNVNS9,699.0,368.0,0.47,4.1,1240,8
B091V8HK8Z,1750.0,1345.0,0.23,3.8,2466,8
B0926V9CTV,599.0,89.0,0.85,4.3,2351,8
B092BJMT8Q,52900.0,30990.0,0.41,4.3,7109,8
B092BL5DCX,69900.0,45999.0,0.34,4.3,7109,8
B092JHPL72,999.0,251.0,0.75,3.7,3234,8
B092R48XXB,29999.0,18999.0,0.37,4.1,2536,8
B092X94QNQ,3990.0,1499.0,0.62,4.1,109864,5
B093QCY6YJ,349.0,290.0,0.17,3.7,1977,8
B093ZNQZ2Y,799.0,249.0,0.69,3.8,1079,8
B0941392C8,449.0,129.0,0.71,3.7,41,8
B09474JWN6,1500.0,999.0,0.33,4.2,386,8
B0949FPSFY,1999.0,799.0,0.6,4.1,2162,8
B0949SBKMP,6990.0,1799.0,0.74,4.0,26880,16
B094DQWV9B,399.0,149.0,0.63,4.0,1540,8
B094G9L9LT,1950.0,999.0,0.49,3.8,305,8
B094JB13XL,5999.0,2499.0,0.58,4.1,38879,8
B094JNXNPV,399.0,299.0,0.25,4.0,2766,16
B094QZLJQ6,7999.0,5799.0,0.28,4.5,50273,8
B094YFFSMY,1999.0,399.0,0.8,4.0,3382,16
B095244Q22,999.0,252.0,0.75,3.7,2249,8
B095JPKPH3,69999.0,61999.0,0.11,4.1,6753,8
B095JQVC7N,59999.0,42999.0,0.28,4.1,6753,8
B095K14P86,1299.0,599.0,0.54,4.2,590,8
B095PWLLY6,2380.0,1804.0,0.24,4.0,15382,8
B095RTJH1M,2899.0,999.0,0.66,4.6,26603,8
B095X38CJS,99.0,99.0,0.0,4.3,388,8
B095XCRDQW,1599.0,950.0,0.41,4.3,5911,8
B096MSW6CT,1899.0,199.0,0.9,3.9,7928,24
B096NTB9XT,24500.0,15999.0,0.35,4.0,11206,8
B096TWZRJC,1899.0,499.0,0.74,4.1,1475,8
B096VF5YYF,7990.0,2999.0,0.62,4.1,48449,16
B096YCN3SD,1000.0,549.0,0.45,3.6,1074,8
B0971DWFDT,699.0,337.0,0.52,4.2,4969,8
B0972BQ2RS,9999.0,2499.0,0.75,4.1,42139,8
B0974G5Q2Y,999.0,273.1,0.73,4.3,20850,8
B0974H97TJ,799.0,299.0,0.63,4.4,28791,8
B0977CGNJJ,11495.0,5999.0,0.48,4.3,534,8
B0978V2CP6,3100.0,1990.0,0.36,4.0,897,8
B097C564GC,4999.0,294.0,0.94,4.3,4426,8
B097JQ1J5G,499.0,179.0,0.64,3.4,9385,8
B097JVLW3L,3500.0,2699.0,0.23,3.5,621,8
B097MKZHNV,4849.0,2949.0,0.39,4.2,7968,8
B097R25DP7,4999.0,1599.0,0.68,4.0,67951,16
B097R2V1W8,5890.0,2599.0,0.56,4.1,21783,8
B097R3XH9R,15270.0,6299.0,0.59,4.1,3233,8
B097R45BH8,13150.0,5499.0,0.58,4.2,6398,8
B097R4D42G,9650.0,4999.0,0.48,4.2,1772,8
B097RJ867P,11595.0,8799.0,0.24,4.4,2981,8
B097RN7BBK,1999.0,479.0,0.76,3.4,1066,8
B097XJQZ8H,6000.0,2464.0,0.59,4.1,8866,8
B097ZQTDVZ,899.0,399.0,0.56,3.4,431,8
B0981XSZJ7,999.0,299.0,0.7,4.3,766,8
B0989W6J2F,1799.0,1595.0,0.11,4.0,2877,8
B098JYT4SY,1190.0,399.0,0.66,4.1,2809,8
B098K3H92Z,899.0,599.0,0.33,4.3,95116,8
B098LCVYPW,999.0,349.0,0.65,4.2,513,8
B098NS6PVG,349.0,199.0,0.43,4.0,43994,24
B098QXR9X2,2999.0,2499.0,0.17,4.1,3156,8
B098R25TGC,2999.0,1299.0,0.57,3.8,14629,8
B098T9CJVQ,699.0,210.0,0.7,3.7,74,8
B098TV3L96,1999.0,349.0,0.83,3.8,197,8
B09939XJX8,1500.0,354.0,0.76,4.0,1026,8
B0993BB11X,1599.0,999.0,0.38,4.0,7222,8
B0994GFWBH,999.0,139.0,0.86,4.0,1313,16
B0994GP1CX,999.0,115.0,0.88,3.3,5692,8
B099FDW2ZF,1499.0,1235.0,0.18,4.1,203,8
B099K9ZX65,44990.0,20990.0,0.53,4.1,1259,8
B099PR2GQJ,999.0,649.0,0.35,3.8,49,8
B099S26HWG,300.0,300.0,0.0,4.2,419,8
B099SD8PRP,1090.0,579.0,0.47,4.4,3482,8
B099Z83VRC,1790.0,1052.0,0.41,4.3,1404,8
B09B125CFJ,799.0,349.0,0.56,3.6,323,8
B09B9SPC7F,1299.0,499.0,0.62,4.1,2740,8
B09BCNQ9R2,499.0,139.0,0.72,4.2,4971,8
B09BF8JBWX,1249.0,1055.0,0.16,3.8,2352,8
B09BL2KHQW,260.0,231.0,0.11,4.1,490,8
B09BN2NPBD,3495.0,1699.0,0.51,4.1,14371,8
B09BNXQ6BR,6499.0,2799.0,0.57,4.1,38879,8
B09BVCVTBC,3499.0,2649.0,0.24,4.5,1271,8
B09BW2GP18,1000.0,129.0,0.87,3.9,295,8
B09BW334ML,1499.0,349.0,0.77,4.3,4145,8
B09C635BMM,999.0,349.0,0.65,4.0,839,8
B09C6FML9B,599.0,320.0,0.47,4.1,491,8
B09C6H53KH,699.0,368.0,0.47,4.2,387,8
B09C6HWG18,1999.0,970.0,0.51,4.2,462,16
B09C6HXFC1,1799.0,970.0,0.46,4.5,815,24
B09CGLY5CX,2400.0,1959.0,0.18,4.0,237,8
B09CKSYBLR,1499.0,999.0,0.33,4.1,1646,8
B09CMM3VGK,499.0,179.0,0.64,4.0,1934,16
B09CMP1SC8,499.0,199.0,0.6,4.1,602,24
B09CMQRQM6,899.0,499.0,0.44,4.2,919,8
B09CTRPSJR,237.0,217.0,0.08,3.8,7354,8
B09CTWFV5W,9995.0,7199.0,0.28,4.4,1964,8
B09CYTJV3N,5999.0,4499.0,0.25,4.3,44696,8
B09DDCQFMT,1999.0,1299.0,0.35,3.6,590,8
B09DG9VNWB,29999.0,12000.0,0.6,4.3,4744,8
B09DL9978Y,4590.0,2399.0,0.48,4.1,444,8
B09DSQXCM8,499.0,299.0,0.4,3.9,1015,8
B09DSXK8JX,19499.0,10499.0,0.46,4.2,1510,8
B09F3PDDRF,999.0,349.0,0.65,3.9,817,8
B09F5Z694W,9625.0,8349.0,0.13,3.8,3652,8
B09F6D21BY,1999.0,790.0,0.6,3.0,103,8
B09F6KL23R,2799.0,1414.0,0.49,4.0,1498,8
B09F6S8BT6,22900.0,13490.0,0.41,4.3,16299,16
B09F6VHQXB,20000.0,7390.0,0.63,4.1,2581,8
B09F9YQQ7B,24999.0,13999.0,0.44,4.2,45238,16
B09FFK1PQG,1699.0,873.0,0.49,4.4,1680,8
B09FHHTL8L,199.0,85.0,0.57,4.1,212,8
B09FKDH6FS,7999.0,7499.0,0.06,4.0,30907,8
B09FPP3R1D,2495.0,1624.0,0.35,4.1,827,8
B09FZ89DK6,9999.0,5999.0,0.4,4.2,1191,8
B09G2VTHQM,1295.0,587.0,0.55,4.1,557,8
B09G5TSGXV,799.0,254.0,0.68,4.0,2905,8
B09GB5B4BK,899.0,599.0,0.33,4.0,4018,8
B09GBBJV72,2199.0,1409.0,0.36,3.9,427,8
B09GFLXVH9,8499.0,6499.0,0.24,4.1,313836,8
B09GFM8CGS,7999.0,6499.0,0.19,4.1,313832,8
B09GFN8WZL,999.0,378.0,0.62,4.1,1779,8
B09GFPN6TP,9499.0,7499.0,0.21,4.1,313832,8
B09GFPVD9Y,10999.0,8499.0,0.23,4.1,313836,8
B09GFWJDY1,1499.0,499.0,0.67,3.6,9169,8
B09GP6FBZT,999.0,299.0,0.7,4.3,8891,8
B09GYBZPHF,2499.0,1149.0,0.54,3.8,4383,8
B09H34V36W,2495.0,1349.0,0.46,3.8,166,8
B09H39KTTB,499.0,213.0,0.57,3.7,246,8
B09H3BXWTK,2799.0,599.0,0.79,3.9,578,8
B09H7JDJCW,3595.0,2999.0,0.17,4.0,178,8
B09HCH3JZG,1899.0,699.0,0.63,4.4,390,8
B09HK9JH4F,399.0,199.0,0.5,4.2,1335,8
B09HN7LD5L,4500.0,1850.0,0.59,4.0,184,8
B09HQSV46W,29999.0,21999.0,0.27,4.2,32840,8
B09HS1NDRQ,799.0,390.0,0.51,3.8,287,8
B09HSKYMB3,9999.0,7915.0,0.21,4.3,1376,8
B09HV71RL1,1499.0,719.0,0.52,4.1,1045,8
B09J2MM5C6,1499.0,279.0,0.81,4.2,2646,8
B09J2QCKKM,3500.0,1499.0,0.57,4.1,303,8
B09J2SCVQT,5000.0,1969.0,0.61,4.1,4927,8
B09J4YQYX3,2290.0,1399.0,0.39,4.4,461,8
B09JFR8H3Q,1499.0,215.0,0.86,3.9,1004,8
B09JKNF147,1999.0,339.0,0.83,4.0,343,8
B09JN37WBX,749.0,319.0,0.57,4.6,124,8
B09JPC82QC,34999.0,19999.0,0.43,4.3,27151,8
B09JS562TP,1630.0,1399.0,0.14,4.0,9378,8
B09JS94MBV,1630.0,1399.0,0.14,4.0,9378,8
B09JSW16QD,1490.0,848.99,0.43,3.9,356,8
B09KGV7WSV,5999.0,2099.0,0.65,4.3,17129,16
B09KH58JZR,399.0,210.0,0.47,4.1,1717,8
B09KLVMZ3B,399.0,159.0,0.6,4.1,4768,24
B09KNMLH4Y,1999.0,398.0,0.8,4.1,257,8
B09KPXTZXN,1999.0,949.0,0.53,4.0,1679,8
B09KRHXTLN,1699.0,1069.0,0.37,3.9,313,8
B09L835C3V,399.0,199.0,0.5,4.2,1335,8
B09L8DSSFH,999.0,399.0,0.6,3.6,493,8
B09L8DT7D6,499.0,205.0,0.59,3.8,313,8
B09LD3116F,3990.0,2490.0,0.38,4.1,3606,8
B09LH32678,1999.0,899.0,0.55,4.0,832,8
B09LHXNZLR,499.0,199.0,0.6,3.7,612,8
B09LHYZ3GJ,20999.0,16999.0,0.19,4.1,31822,8
B09LHZSMRR,20999.0,16999.0,0.19,4.1,31822,8
B09LJ116B5,20999.0,16999.0,0.19,4.1,31822,8
B09LMMFW3S,399.0,229.0,0.43,3.6,451,8
B09LQH3SD9,2000.0,999.0,0.5,3.8,1163,8
B09LQQYNZQ,4699.0,4699.0,0.0,4.5,224,4
B09LRZYBH1,3999.0,2299.0,0.43,3.8,282,8
B09LV13JFB,999.0,399.0,0.6,3.3,23,5
B09LV1CMGH,2000.0,899.0,0.55,3.6,291,8
B09M3F4HGB,18990.0,9495.0,0.5,4.2,79,8
B09M869Z5V,999.0,570.0,0.43,4.2,3201,8
B09M8888DM,799.0,499.0,0.38,4.3,2125,8
B09MB3DKG1,3999.0,2199.0,0.45,3.5,340,8
B09MDCZJXS,5499.0,1199.0,0.78,3.8,2043,8
B09MFR93KS,5999.0,3041.67,0.49,4.0,777,8
B09MJ77786,49999.0,31999.0,0.36,4.3,21252,8
B09MKG4ZCM,2999.0,1565.0,0.48,4.0,11113,8
B09MKP344P,12999.0,8499.0,0.35,4.1,6662,8
B09MM6P76N,599.0,349.0,0.42,4.2,284,8
B09MMD1FDN,699.0,349.0,0.5,3.9,214,8
B09MQ9PDHR,1999.0,979.0,0.51,3.9,157,8
B09MQSCJQ1,7990.0,2299.0,0.71,4.2,69622,16
B09MT6XSFW,1899.0,599.0,0.68,4.3,140036,8
B09MT84WV5,3999.0,1149.0,0.71,4.3,140036,16
B09MT94QLL,4775.0,1999.0,0.58,4.2,1353,8
B09MTLG4TP,999.0,453.0,0.55,4.3,610,8
B09MY4W73Q,1799.0,474.0,0.74,4.3,1454,8
B09MZ6WZ6V,999.0,499.0,0.5,4.4,1030,8
B09MZCQYHZ,1599.0,999.0,0.38,4.0,7222,8
B09N3BFP4M,11500.0,5499.0,0.52,3.9,959,8
B09N3ZNHTY,4490.0,1499.0,0.67,3.9,136954,3
B09N6TTHT6,99.0,89.0,0.1,4.2,241,8
B09NBZ36F7,4000.0,2089.0,0.48,4.2,11199,8
B09NC2TY11,5999.0,2499.0,0.58,4.1,5852,8
B09ND94ZRG,5999.0,1099.0,0.82,3.5,12966,8
B09NFSHCWN,1899.0,1149.0,0.39,3.5,24,8
B09NHVCHS9,199.0,59.0,0.7,4.0,9378,24
B09NJN8L25,199.0,59.0,0.7,4.0,9378,8
B09NKZXMWJ,249.0,139.0,0.44,4.0,9378,8
B09NL4DCXK,599.0,249.0,0.58,3.9,2147,8
B09NL4DJ2Z,249.0,139.0,0.44,4.0,9377,8
B09NL7LBWT,1999.0,1099.0,0.45,4.0,604,8
B09NNGHG22,56790.0,32990.0,0.42,4.3,567,8
B09NNHFSSF,4700.0,1999.0,0.57,3.8,1880,8
B09NNJ9WYM,19990.0,10990.0,0.45,3.7,129,8
B09NNZ1GF7,999.0,445.0,0.55,4.3,229,8
B09NR6G588,4999.0,1199.0,0.76,3.8,14961,8
B09NS5TKPN,75990.0,42990.0,0.43,4.3,3231,8
B09NTHQRW3,2499.0,1999.0,0.2,4.1,1034,8
B09NVPJ3P4,3999.0,1999.0,0.5,4.0,30254,8
B09NVPSCQT,3999.0,1599.0,0.6,4.0,30254,16
B09NY6TRXG,11999.0,8499.0,0.29,3.9,276,8
B09NY7W8YD,11999.0,7998.0,0.33,3.8,125,8
B09P182Z2H,5799.0,3290.0,0.43,4.3,168,8
B09P18XVW6,4999.0,2499.0,0.5,3.9,7571,8
B09P1MFKG1,2999.0,998.0,0.67,4.6,9,7
B09P22HXH6,5490.0,1890.0,0.66,4.1,10976,8
B09P564ZTJ,1599.0,235.0,0.85,3.8,1173,8
B09P858DK8,1999.0,489.0,0.76,4.0,3626,8
B09P8M18QM,2999.0,1369.0,0.54,3.3,227,8
B09PDZNSBG,6700.0,2575.0,0.62,4.2,611,8
B09PL79D2X,2990.0,1598.0,0.47,3.8,11015,8
B09PLD9TCD,42999.0,26999.0,0.37,4.2,1510,8
B09PLFJ7ZW,4999.0,1999.0,0.6,3.9,7571,8
B09PNKXSKF,3990.0,1999.0,0.5,4.0,30254,8
B09PNR6F8Q,399.0,249.0,0.38,4.0,6558,8
B09PTT8DZF,670.0,417.44,0.38,3.9,523,8
B09Q3M3WLJ,1499.0,399.0,0.73,4.0,691,8
B09Q5P2MT3,31999.0,24999.0,0.22,4.2,34899,8
B09Q5SWVBJ,21999.0,15999.0,0.27,4.2,34899,8
B09Q8HMKZX,699.0,263.0,0.62,4.1,450,16
B09Q8WQ5QJ,499.0,249.0,0.5,4.1,1508,8
B09QGZFBPM,999.0,399.0,0.6,4.3,2806,8
B09QGZM8QB,999.0,399.0,0.6,4.3,2806,8
B09QS8V5N8,17999.0,12999.0,0.28,4.1,50772,7
B09QS9CWLV,18999.0,12999.0,0.32,4.1,50772,7
B09QS9X16F,18999.0,12999.0,0.32,4.1,50772,7
B09QS9X9L8,18999.0,12999.0,0.32,4.1,50772,7
B09R1YFL6S,2999.0,1090.0,0.64,3.5,57,7
B09R83SFYV,2499.0,1484.0,0.41,3.7,1067,8
B09RF2QXGX,299.0,69.0,0.77,4.3,255,8
B09RFB2SJQ,1899.0,499.0,0.74,4.1,412,8
B09RFC46VP,42999.0,26999.0,0.37,4.2,45238,8
B09RKFBCV7,7999.0,1999.0,0.75,4.2,31305,8
B09RMQYHLH,15999.0,12999.0,0.19,4.2,13246,8
B09RQRZW2X,899.0,499.0,0.44,3.7,185,8
B09RWQ7YR6,69999.0,46999.0,0.33,4.3,21252,8
B09RWZRCP1,999.0,399.0,0.6,4.1,1780,16
B09RX1FK54,999.0,399.0,0.6,4.1,1780,8
B09RZS1NQT,999.0,199.0,0.8,4.0,576,16
B09SB6SJB4,599.0,129.0,0.78,4.1,265,8
B09SDDQQKP,3295.0,1799.0,0.45,3.8,687,8
B09SFRNKSR,499.0,298.0,0.4,4.4,290,8
B09SGGRKV8,499.0,199.0,0.6,3.6,2492,8
B09SJ1FTYV,1899.0,199.0,0.9,4.0,4740,8
B09SPTNG58,2349.0,1449.0,0.38,3.9,9019,8
B09SZ5TWHW,2890.0,1547.0,0.46,3.9,463,8
B09T2S8X9C,28999.0,22999.0,0.21,3.9,25824,8
B09T2WRLJJ,26999.0,20999.0,0.22,3.9,25824,8
B09T37CKQ5,599.0,239.0,0.6,3.9,2147,8
B09T39K9YL,24999.0,19999.0,0.2,3.9,25824,8
B09T3H12GV,2498.0,1399.0,0.44,4.2,33717,8
B09T3KB6JZ,40990.0,18990.0,0.54,4.2,6659,8
B09TBCVJS3,7999.0,5998.0,0.25,4.2,30355,5
B09TMZ1MF8,4000.0,1709.0,0.57,4.4,3029,8
B09TP5KBN7,1099.0,199.0,0.82,4.0,3197,8
B09TT6BFDX,1999.0,399.0,0.8,4.5,505,8
B09TWH8YHM,24999.0,16999.0,0.32,4.1,22318,2
B09TWHTBKQ,25999.0,18499.0,0.29,4.1,22318,2
B09TY4MSH3,2499.0,1289.0,0.48,3.3,73,8
B09V12K8NT,6990.0,1499.0,0.79,3.9,21797,16
B09V175NP7,6990.0,1499.0,0.79,3.9,21796,8
B09V17S2BG,6990.0,1499.0,0.79,3.9,21796,8
B09V2PZDX8,1599.0,1299.0,0.19,4.0,128311,8
B09V2Q4QVQ,1599.0,1299.0,0.19,4.0,128311,8
B09VC2D2WG,1499.0,469.0,0.69,4.1,352,8
B09VCHLSJF,39999.0,29999.0,0.25,4.2,7298,8
B09VGKFM7Y,499.0,219.0,0.56,4.4,14,3
B09VGS66FV,1850.0,1349.0,0.27,4.4,638,8
B09VH568H7,299.0,119.0,0.6,3.8,51,8
B09VKWGZD7,8990.0,4789.0,0.47,4.3,1017,8
B09VL9KFDB,4200.0,2399.0,0.43,3.8,397,8
B09VPH38JS,1499.0,697.0,0.54,3.8,144,8
B09VT6JKRP,999.0,199.0,0.8,4.1,425,8
B09VZBGL1N,499.0,99.0,0.8,4.1,2451,8
B09W5XR9RT,1999.0,970.0,0.51,4.4,184,24
B09W9V2PXG,1999.0,759.0,0.62,4.3,532,8
B09WF4Q7B3,2599.0,1799.0,0.31,3.6,771,8
B09WMTJPG7,4400.0,2599.0,0.41,4.1,14947,8
B09WN3SRC7,139900.0,77990.0,0.44,4.7,5935,8
B09WRMNJ9G,38999.0,34999.0,0.1,4.2,11029,7
B09X1M3DHX,27990.0,9999.0,0.64,4.2,1269,8
B09X5C9VLK,3500.0,1299.0,0.63,3.8,44050,8
B09X5HD5T1,499.0,229.0,0.54,3.5,185,8
B09X76VL5L,3490.0,1599.0,0.54,3.7,676,8
B09X79PP8F,299.0,179.0,0.4,3.9,81,8
B09X7DY7Q4,1800.0,939.0,0.48,4.5,205052,8
B09XB1R2F3,799.0,179.0,0.78,3.5,132,8
B09XB7DPW1,11999.0,8999.0,0.25,4.0,12796,8
B09XB7SRQ5,11999.0,8999.0,0.25,4.0,12796,8
B09XB8GFBQ,11999.0,8999.0,0.25,4.0,12796,8
B09XBJ1CTN,999.0,649.0,0.35,4.2,1315,8
B09XHXXCFH,5495.0,3685.0,0.33,4.1,290,8
B09XJ1LM7R,799.0,399.0,0.5,4.3,12,1
B09XJ5LD6L,32999.0,23999.0,0.27,3.9,8866,8
B09XRBJ94N,4600.0,2092.0,0.55,4.3,562,8
B09XTQFFCG,3199.0,2669.0,0.17,3.9,260,8
B09XX51X2G,999.0,449.0,0.55,4.0,2102,8
B09XXZXQC1,37999.0,26999.0,0.29,4.6,2886,4
B09Y14JLP3,499.0,99.0,0.8,4.1,2451,8
B09Y358DZQ,4295.0,2033.0,0.53,3.4,422,8
B09Y5FZK9N,1545.0,809.0,0.48,3.7,976,8
B09Y5MP7C4,3499.0,1299.0,0.63,3.9,12452,8
B09YDFDVNS,1699.0,1324.0,0.22,4.0,128311,8
B09YDFKJF8,1699.0,1324.0,0.22,4.0,128311,8
B09YHLPQYT,600.0,246.0,0.59,4.2,143,8
B09YL9SN9B,23990.0,15990.0,0.33,4.3,1035,8
B09YLFHFDW,2790.0,1599.0,0.43,3.6,2272,8
B09YLWT89W,18000.0,9199.0,0.49,4.0,16020,8
B09YLX91QR,399.0,179.0,0.55,4.0,1423,8
B09YLXYP7Y,399.0,179.0,0.55,4.0,1423,24
B09YLYB9PB,399.0,149.0,0.63,4.0,1423,8
B09YV3K34W,9999.0,2199.0,0.78,4.2,29472,8
B09YV42QHZ,7999.0,1499.0,0.81,4.2,22638,8
B09YV463SW,9999.0,1499.0,0.85,4.2,22638,8
B09YV4MW2T,9999.0,2199.0,0.78,4.2,29478,16
B09YV4RG4D,7999.0,1499.0,0.81,4.2,22638,16
B09YV575RK,9999.0,2499.0,0.75,4.0,9090,8
B09Z28BQZT,3999.0,599.0,0.85,3.9,1087,8
B09Z6WH2N1,499.0,95.0,0.81,4.2,1949,16
B09Z7YGV3R,699.0,269.0,0.62,4.0,93,8
B09ZDVL7L8,3895.0,2199.0,0.44,3.9,1085,8
B09ZHCJDP1,1000.0,499.0,0.5,5.0,23,8
B09ZK6THRR,1000.0,479.0,0.52,4.2,1559,8
B09ZPJT8B2,31990.0,11990.0,0.63,4.2,64,8
B09ZPL5VYM,499.0,199.0,0.6,4.1,1786,8
B09ZPM4C2C,30990.0,10901.0,0.65,4.1,398,8
B09ZQK9X8G,5999.0,2998.0,0.5,4.1,5179,16
B09ZTZ9N3Q,1699.0,1049.0,0.38,3.1,111,8
B09ZVJXN5L,999.0,778.0,0.22,3.3,8,5
B0B12K5BPM,2299.0,1049.0,0.54,3.9,1779,8
B0B14MR9L1,24999.0,16999.0,0.32,4.1,22318,2
B0B15CPR37,47900.0,32990.0,0.31,4.3,7109,8
B0B15GSPQW,70900.0,47990.0,0.32,4.3,7109,8
B0B16KD737,15999.0,8499.0,0.47,4.3,592,8
B0B19VJXQZ,59900.0,27900.0,0.53,4.4,5298,2
B0B1F6GQPS,4499.0,999.0,0.78,3.8,3390,8
B0B1MDZV9C,4495.0,2286.0,0.49,3.9,326,8
B0B1NX6JTN,2599.0,1599.0,0.38,4.3,1801,8
B0B1YVCJ2Y,19990.0,11499.0,0.42,4.3,4703,8
B0B1YY6JJL,34990.0,23999.0,0.31,4.3,4703,8
B0B1YZ9CB8,47990.0,32999.0,0.31,4.3,4703,8
B0B1YZX72F,40990.0,27999.0,0.32,4.3,4703,8
B0B217Z5VK,3999.0,1799.0,0.55,3.9,3517,8
B0B21C4BMX,899.0,228.0,0.75,3.8,132,8
B0B21XL94T,34990.0,21990.0,0.37,4.3,1657,8
B0B23LW7NV,2899.0,999.0,0.66,4.7,7779,8
B0B244R4KB,2899.0,999.0,0.66,4.6,6129,8
B0B25DJ352,1199.0,353.0,0.71,4.3,629,8
B0B25LQQPC,6100.0,3307.0,0.46,4.3,2515,8
B0B2931FCV,4199.0,999.0,0.76,3.5,1913,8
B0B296NTFV,599.0,299.0,0.5,4.1,1597,8
B0B298D54H,999.0,265.0,0.73,3.7,465,8
B0B2C5MJN6,54990.0,32990.0,0.4,4.1,1555,8
B0B2CPVXHX,1499.0,379.0,0.75,4.1,670,8
B0B2CWRDB1,9999.0,5999.0,0.4,4.2,170,8
B0B2CZTCL2,1999.0,1299.0,0.35,3.8,311,8
B0B2DD66GS,2900.0,1329.0,0.54,4.5,19624,8
B0B2DD8BQ8,3099.0,2079.0,0.33,4.1,282,8
B0B2DJ5RVQ,1999.0,689.0,0.66,4.3,1193,8
B0B2DJDCPX,499.0,209.0,0.58,3.9,536,16
B0B2DZ5S6R,1299.0,749.0,0.42,4.0,119,8
B0B2PQL5N3,999.0,230.0,0.77,4.2,1528,8
B0B2RBP83P,59890.0,37247.0,0.38,4.0,323,8
B0B2X35B1K,6999.0,3999.0,0.43,4.1,10229,8
B0B31BYXQQ,5499.0,1399.0,0.75,3.9,9504,8
B0B31FR4Y2,9999.0,1999.0,0.8,3.7,1986,8
B0B3CPQ5PF,28999.0,28999.0,0.0,4.3,17415,8
B0B3CQBRB4,28999.0,28999.0,0.0,4.3,17415,8
B0B3D39RKV,33999.0,33999.0,0.0,4.3,17415,8
B0B3DV7S9B,499.0,209.0,0.58,3.6,104,8
B0B3G5XZN5,3499.0,2799.0,0.2,4.5,546,8
B0B3JSWG81,999.0,199.0,0.8,3.1,2,1
B0B3MMYHYW,45999.0,32999.0,0.28,4.2,7298,8
B0B3MQXNFB,199.0,57.89,0.71,4.0,9378,8
B0B3MWYCHQ,9999.0,2999.0,0.7,4.2,20881,16
B0B3N7LR6K,16999.0,3999.0,0.76,4.3,17162,10
B0B3N8VG24,299.0,88.0,0.71,4.0,9378,8
B0B3NDPCS9,17999.0,3999.0,0.78,4.3,17161,5
B0B3RHX6B6,399.0,149.0,0.63,3.9,57,8
B0B3RRWSF6,9999.0,1998.0,0.8,4.3,27709,16
B0B3RS9DNF,9999.0,1999.0,0.8,4.3,27704,8
B0B3RSDSZ3,9999.0,1999.0,0.8,4.3,27696,8
B0B3TBY2YX,2299.0,1260.0,0.45,4.3,55,8
B0B3X2BY3M,7299.0,3599.0,0.51,4.0,10324,8
B0B3XXSB1K,79990.0,47990.0,0.4,4.3,1376,8
B0B3XY5YT4,49990.0,30990.0,0.38,4.3,1376,8
B0B466C3G4,18990.0,8990.0,0.53,3.9,350,8
B0B467CCB9,16990.0,6999.0,0.59,3.8,110,8
B0B4DT8MKT,1499.0,348.0,0.77,4.2,656,16
B0B4F1YC3J,19499.0,13999.0,0.28,4.1,18998,8
B0B4F2TTTS,14999.0,10999.0,0.27,4.1,18998,8
B0B4F2XCK3,17999.0,12999.0,0.28,4.1,18998,8
B0B4F2ZWL3,17999.0,12999.0,0.28,4.1,18998,8
B0B4F3QNDM,19499.0,13999.0,0.28,4.1,18998,8
B0B4F4QZ1H,19499.0,13999.0,0.28,4.1,18998,8
B0B4F52B5X,14999.0,10999.0,0.27,4.1,18998,8
B0B4F5L738,19499.0,13999.0,0.28,4.1,18998,8
B0B4G2MWSB,999.0,149.0,0.85,4.0,1313,8
B0B4HJNPV4,999.0,199.0,0.8,3.9,1075,16
B0B4HKH19N,931.0,249.0,0.73,3.9,1075,8
B0B4KPCBSH,499.0,244.0,0.51,3.3,478,8
B0B4PPD89B,79.0,79.0,0.0,4.0,97,8
B0B4SJKRDF,239.0,239.0,0.0,4.3,7,6
B0B4T6MR8N,800.0,89.0,0.89,3.9,1075,8
B0B4T8RSJ1,800.0,99.0,0.88,3.9,1075,8
B0B53DS4TF,20049.0,4995.0,0.75,4.8,3964,8
B0B53NXFFR,5999.0,1399.0,0.77,3.3,4415,8
B0B53QFZPY,5999.0,1299.0,0.78,3.3,4415,8
B0B53QLB9H,5999.0,1299.0,0.78,3.3,4415,8
B0B54Y2SNX,3990.0,799.0,0.8,3.8,119,8
B0B56YRBNT,13499.0,8999.0,0.33,3.8,3145,8
B0B59K1C8F,799.0,179.0,0.78,3.6,101,8
B0B5B6PQCT,7990.0,1999.0,0.75,3.8,17833,16
B0B5CGTBKV,7990.0,1999.0,0.75,3.8,17833,8
B0B5D39BCD,7990.0,1999.0,0.75,3.8,17831,8
B0B5DDJNH4,7990.0,1999.0,0.75,3.8,17831,8
B0B5F3YZY4,1099.0,449.0,0.59,4.0,242,8
B0B5GF6DQD,5999.0,2499.0,0.58,3.7,828,8
B0B5GJRTHB,1999.0,889.0,0.56,4.2,2284,8
B0B5KZ3C53,2900.0,1599.0,0.45,3.7,441,8
B0B5LVS732,4999.0,1898.0,0.62,4.1,10689,16
B0B5RP43VN,4650.0,1474.0,0.68,4.1,1045,8
B0B5V47VK4,49999.0,44999.0,0.1,4.3,3075,4
B0B5YBGCKD,599.0,150.0,0.75,4.3,714,8
B0B5ZF3NRK,599.0,349.0,0.42,4.1,210,16
B0B61DSF17,1999.0,199.0,0.9,3.7,2031,8
B0B61GCHC1,999.0,199.0,0.8,4.3,87,8
B0B61HYR92,999.0,199.0,0.8,4.2,85,8
B0B65MJ45G,549.0,139.0,0.75,3.9,61,8
B0B65P827P,549.0,128.31,0.77,3.9,61,8
B0B694PXQJ,2999.0,799.0,0.73,4.5,63,8
B0B6BLTGTT,5999.0,2999.0,0.5,4.1,7148,8
B0B6F7LX4C,24999.0,13999.0,0.44,4.2,32840,8
B0B6F8HHR6,35999.0,24999.0,0.31,4.2,32840,8
B0B6F98KJJ,29999.0,21999.0,0.27,4.2,32840,8
B0B72BSW7K,699.0,263.0,0.62,3.5,690,8
B0B7B9V9QP,35000.0,18999.0,0.46,4.0,1001,8
B0B7DHSKS7,5299.0,3799.0,0.28,3.5,1641,8
B0B7FJNSZR,19990.0,5395.0,0.73,4.4,535,8
B0B7L86YCB,300.0,161.0,0.46,2.6,24,8
B0B7NWGXS6,2545.0,2439.0,0.04,4.1,25,3
B0B82YGCF6,3499.0,899.0,0.74,3.0,681,8
B0B84KSH3X,1950.0,1049.0,0.46,3.8,250,8
B0B84QN4CN,1100.0,660.0,0.4,3.6,91,8
B0B86CDHL1,899.0,349.0,0.61,4.5,149,16
B0B8CB7MHW,999.0,426.0,0.57,4.1,222,8
B0B8CHJLWJ,1199.0,299.0,0.75,4.5,596,8
B0B8CXTTG3,25999.0,16999.0,0.35,4.2,32840,8
B0B8SRZ5SV,1999.0,949.0,0.53,4.4,13552,8
B0B8SSC5D9,1999.0,949.0,0.53,4.4,13552,8
B0B8SSZ76F,1999.0,799.0,0.6,4.2,8583,8
B0B8VQ7KDS,2499.0,1299.0,0.48,4.3,301,8
B0B8XNPQPN,7950.0,3599.0,0.55,4.2,136,8
B0B8ZKWGKD,1052.0,893.0,0.15,4.3,106,8
B0B8ZM9RVV,999.0,419.0,0.58,4.4,227,8
B0B8ZWNR5T,499.0,79.0,0.84,4.2,1949,8
B0B935YNR7,2999.0,1349.0,0.55,3.8,441,8
B0B94JPY2N,999.0,199.0,0.8,3.0,0,1
B0B97D658R,799.0,499.0,0.38,3.6,212,8
B0B9959XF3,22990.0,12499.0,0.46,4.3,1611,8
B0B997FBZT,49990.0,35999.0,0.28,4.3,1611,8
B0B9BD2YL4,6999.0,2599.0,0.63,4.5,1526,16
B0B9BXKBC7,3999.0,1799.0,0.55,4.6,245,16
B0B9F9PT8R,2999.0,1529.0,0.49,3.3,29,8
B0B9JZW1SQ,1200.0,498.0,0.59,3.2,113,6
B0B9LDCX89,999.0,129.0,0.87,4.2,491,8
B0B9RN5X8B,4700.0,2699.0,0.43,4.2,1296,8
B0B9RZ4G4W,1699.0,799.0,0.53,4.0,97,8
B0B9XLX8VR,65000.0,37999.0,0.42,4.3,3587,4
B0B9XN9S3W,14990.0,7999.0,0.47,4.3,457,8
B0BB3CBFBM,65000.0,29990.0,0.54,4.1,211,8
B0BBFJ9M3X,15999.0,13999.0,0.13,3.9,2180,8
B0BBFJLP21,15999.0,13999.0,0.13,3.9,2180,8
B0BBLHTRM9,699.0,199.0,0.72,2.9,159,8
B0BBMGLQDW,1999.0,599.0,0.7,4.2,47,8
B0BBMPH39N,999.0,289.0,0.71,4.1,401,8
B0BBN3WF7V,8999.0,6499.0,0.28,4.0,7807,8
B0BBN4DZBD,8999.0,6499.0,0.28,4.0,7807,8
B0BBN56J5H,8999.0,6499.0,0.28,4.0,7807,8
B0BBVKRP7B,1999.0,281.0,0.86,2.8,87,8
B0BBW521YC,999.0,99.0,0.9,4.4,305,8
B0BBWJFK5C,8999.0,4899.0,0.46,4.1,297,8
B0BC8BQ432,85000.0,54990.0,0.35,4.3,3587,4
B0BC9BW512,24990.0,18999.0,0.24,4.3,4702,8
B0BCKJJN8R,7290.0,3599.0,0.51,3.9,942,8
B0BCKWZ884,2999.0,547.0,0.82,4.3,407,8
B0BCVJ3PVP,1299.0,499.0,0.62,4.5,434,8
B0BCYQY9X5,16490.0,8499.0,0.48,4.3,97,8
B0BCZCQTJX,3999.0,1434.0,0.64,4.0,32,8
B0BD3T6Z1D,13499.0,12999.0,0.04,4.1,56098,8
B0BD92GDQH,6999.0,4999.0,0.29,3.8,758,8
B0BDG6QDYD,1990.0,899.0,0.55,4.1,185,8
B0BDRVFDKP,1000.0,569.0,0.43,4.4,67262,16
B0BDS8MY8J,999.0,199.0,0.8,4.2,362,8
B0BDYVC5TD,1800.0,959.0,0.47,4.4,67259,8
B0BDYW3RN3,3500.0,1989.0,0.43,4.4,67260,8
B0BDZWMGZ1,2990.0,1199.0,0.6,3.8,133,8
B0BF4YBLPX,19999.0,1799.0,0.91,4.2,13937,8
B0BF54972T,19999.0,1799.0,0.91,4.2,13937,8
B0BF54LXW6,19999.0,1799.0,0.91,4.2,13937,8
B0BF563HB4,19999.0,1799.0,0.91,4.2,13937,8
B0BF57RN3K,19999.0,1799.0,0.91,4.2,13937,8
B0BFBNXS94,1499.0,669.0,0.55,2.3,13,5
B0BFWGBX61,349.0,199.0,0.43,4.1,314,16
B0BG62HMDJ,775.0,499.0,0.36,4.3,74,8
B0BGPN4GGH,2400.0,1099.0,0.54,3.8,4,3
B0BGSV43WY,7999.0,4499.0,0.44,3.5,37,8
B0BHNHMR3H,1299.0,499.0,0.62,3.9,65,8
B0BHVPTM2C,1949.0,398.0,0.8,4.0,75,8
B0BHYJ8CVF,1499.0,1149.0,0.23,4.1,10443,8
B0BHYLCL19,399.0,193.0,0.52,3.6,37,8
B0BHZCNC4P,3999.0,1499.0,0.63,3.7,37,8
B0BJ6P3LSK,24999.0,4999.0,0.8,4.5,287,8
B0BJ966M5K,24999.0,4999.0,0.8,4.6,124,8
B0BJYSCWFQ,1999.0,899.0,0.55,4.2,39,8
B0BK1K598K,1499.0,678.0,0.55,4.2,900,8
B0BL11S5QK,3890.0,1601.0,0.59,4.2,156,8
B0BL3R4RGS,999.0,649.0,0.35,3.6,4,2
B0BLC2BYPX,1299.0,499.0,0.62,4.7,54,8
B0BLV1GNLN,9990.0,6490.0,0.35,4.0,27,8
B0BM4KTNL1,1599.0,699.0,0.56,4.7,1729,6
B0BM9H2NY9,1599.0,699.0,0.56,4.7,2300,8
B0BMFD94VD,499.0,199.0,0.6,3.3,12,6
B0BMGB2TPR,11999.0,9499.0,0.21,4.2,284,8
B0BMGB3CH9,11999.0,9499.0,0.21,4.2,284,8
B0BMGG6NKT,13499.0,10499.0,0.22,4.2,284,8
B0BMM7R92G,999.0,249.0,0.75,4.5,38,8
B0BMTZ4T1D,1599.0,784.0,0.51,4.5,11,5
B0BMVWKZ8G,8499.0,1999.0,0.76,4.3,240,8
B0BMXMLSMM,999.0,199.0,0.8,4.5,127,16
B0BMZ6SY89,1599.0,899.0,0.44,3.4,15,8
B0BN2576GQ,1599.0,469.0,0.71,3.7,6,2
B0BN6M3TCM,999.0,499.0,0.5,4.6,79,8
B0BNDD9TN6,28900.0,13990.0,0.52,4.5,7,4
B0BNDGL26T,2199.0,499.0,0.77,2.8,109,8
B0BNDRK886,599.0,185.0,0.69,3.9,1306,8
B0BNLFQDG2,2199.0,929.0,0.58,3.7,4,3
B0BNQMF152,2199.0,499.0,0.77,3.7,53,8
B0BNV7JM5Y,7990.0,2999.0,0.62,4.1,154,8
B0BNVBJW2S,7990.0,2499.0,0.69,4.1,154,8
B0BNXFDTZ2,11999.0,2999.0,0.75,4.4,768,8
B0BP18W8TM,9999.0,3999.0,0.6,4.4,73,8
B0BP7XLX48,1999.0,399.0,0.8,5.0,5,5
B0BP89YBC1,3500.0,1499.0,0.57,4.7,2591,7
B0BPBG712X,1199.0,799.0,0.33,4.4,17,8
B0BPBXNQQT,1989.0,799.0,0.6,4.3,70,8
B0BPCJM7TB,999.0,259.0,0.74,4.0,43,8
B0BPJBTB3F,2495.0,1299.0,0.48,2.0,2,2
B0BQ3K23Y1,499.0,279.0,0.44,4.8,28,8
B0BQRJ3C47,999.0,249.0,0.75,5.0,0,1
B0BR4F878Q,1999.0,1439.0,0.28,4.8,53803,3
