product_id,predicted_stars,prediction_confidence,topic
B002PD61Y4,4,0.47846028208732605,17
B002SZEOLG,4,0.8846772909164429,18
B003B00484,4,0.5660398602485657,0
B003L62T7W,4,0.6173401474952698,6
B004IO5BMQ,3,0.3867321312427521,6
B005FYNT3G,5,0.5185285210609436,11
B005LJQMCK,5,0.6045331954956055,3
B005LJQMZC,5,0.6045331954956055,3
B006LW0WDQ,4,0.3799966871738434,-1
B0073QGKAS,4,0.5375879406929016,2
B0083T231O,4,0.46337369084358215,0
B0085IATT6,4,0.5696138143539429,18
B0085W2MUQ,4,0.6523731350898743,4
B0088TKTY2,4,0.8846772909164429,18
B008FWZGSG,3,0.31557321548461914,0
B008IFXQFU,4,0.8846772909164429,18
B008LN8KDM,3,0.5022431015968323,16
B008P7IF02,4,0.4376057982444763,23
B008QS9J6Y,4,0.5736582279205322,17
B008QTK47Q,2,0.428483784198761,16
B008YW3CYM,3,0.4959730803966522,16
B008YW8M0G,4,0.6282097697257996,16
B00935MD1C,4,0.4376772940158844,2
B00935MGHS,3,0.5852453112602234,2
B009DA69W6,4,0.6286660432815552,22
B009LJ2BXA,3,0.54849773645401,1
B009P2L7CO,4,0.5747523307800293,13
B009P2LIL4,3,0.39843764901161194,10
B009P2LITG,4,0.6068509221076965,10
B009P2LK08,3,0.4250311255455017,-1
B009P2LK80,3,0.4763478636741638,10
B009UORDX4,4,0.5723282098770142,16
B009VCGPSY,4,0.6034812331199646,6
B00A0VCJPI,3,0.579832136631012,18
B00A328ENA,5,0.6946133971214294,2
B00A7PLVU6,4,0.6746010780334473,4
B00ABMASXG,4,0.87954181432724,-1
B00AXHBBXU,4,0.5826813578605652,13
B00B3VFJY2,4,0.4882422983646393,-1
B00B7GKXMG,5,0.46359962224960327,13
B00BN5SNF0,2,0.4524901509284973,0
B00C3GBCIS,4,0.6031136512756348,8
B00CEQEGPI,4,0.5493725538253784,6
B00DJ5N9VK,4,0.4319421648979187,12
B00E3DVQFS,3,0.35989511013031006,0
B00E9G8KOY,2,0.45540598034858704,22
B00EDJJ7FS,3,0.6111611723899841,2
B00EYW1U68,4,0.6244444847106934,18
B00F159RIK,3,0.5564756989479065,16
B00GE55L22,4,0.5974041223526001,11
B00GG59HU2,5,0.4912451207637787,3
B00GGGOYEK,4,0.4770875871181488,0
B00GGGOYEU,3,0.5579065680503845,0
B00GHL8VP2,4,0.6761149168014526,10
B00GZLB57U,4,0.9828267097473145,0
B00H0B29DI,3,0.31719446182250977,10
B00H3H03Q4,4,0.5208805799484253,-1
B00H47GVGY,4,0.7481141090393066,10
B00HVXS7WC,3,0.368898868560791,4
B00HZIOGXW,4,0.6136574149131775,10
B00J4YG0PC,4,0.4875335097312927,12
B00J5DYCCA,4,0.49713805317878723,-1
B00JBNZPFM,3,0.5201542973518372,14
B00K32PEW4,5,0.786389946937561,13
B00K57MR22,5,0.5049567222595215,4
B00KIDSU8S,4,0.6309341788291931,14
B00KIE28X0,5,0.4256156086921692,12
B00KRCBA6E,1,0.3987656533718109,10
B00KXULGJQ,4,0.6987513899803162,18
B00LHZW3XY,4,0.6533138155937195,12
B00LHZWD0C,4,0.8322560787200928,12
B00LM4W1N2,4,0.517719030380249,12
B00LM4X0KU,4,0.5509932041168213,12
B00LM4X3XE,5,0.6570298075675964,12
B00LOD70SC,4,0.6561264395713806,12
B00LP9RFSU,2,0.5306006073951721,22
B00LUGTJGO,2,0.4125727117061615,10
B00LVMTA2A,5,0.7828651070594788,-1
B00LXTFMRS,5,0.6421499848365784,12
B00LY12TH6,5,0.5708245635032654,12
B00LY17RHI,3,0.45024242997169495,12
B00LY1FN1K,5,0.6262098550796509,13
B00LZLPYHW,4,0.720037579536438,12
B00LZLQ624,4,0.9129602909088135,12
B00LZPQVMK,3,0.48191115260124207,12
B00MFPCY5C,3,0.4953625500202179,-1
B00MUTWLW4,4,0.6725954413414001,6
B00N1U7JXM,3,0.5227430462837219,-1
B00N1U9AJS,4,0.6262592077255249,-1
B00N3XLDW0,2,0.445760577917099,0
B00NFD0ETQ,3,0.2805343270301819,6
B00NH11KIK,5,0.4918143153190613,0
B00NH11PEY,4,0.5258748531341553,0
B00NH12R1O,5,0.8748273253440857,11
B00NH13Q8W,4,0.5917170643806458,0
B00NM6MO26,3,0.4364754557609558,2
B00NNQMYNE,5,0.769985020160675,8
B00NW4UWN6,3,0.5462180376052856,2
B00O24PUO6,3,0.5193254947662354,10
B00O2R38C4,3,0.5084843039512634,14
B00OFM6PEO,4,0.5938265323638916,0
B00P0R95EA,5,0.6403390765190125,10
B00P93X0VO,4,0.7537150979042053,12
B00P93X2H6,3,0.6606553196907043,12
B00P93X6EK,3,0.41742998361587524,12
B00PVT30YI,4,0.717545211315155,-1
B00R1P3B4O,4,0.3631224036216736,17
B00RFWNJMC,2,0.43233102560043335,7
B00RGLI0ZS,4,0.4915368854999542,0
B00S2SEV7K,4,0.9410707950592041,12
B00S9BSJC8,5,0.4919111430644989,4
B00SH18114,4,0.9815343618392944,24
B00SMFPJG0,5,0.5641134977340698,-1
B00SMJPA9C,2,0.24649548530578613,16
B00TDD0YM4,3,0.5957252383232117,14
B00TI8E7BI,4,0.6396490931510925,2
B00UGZWM2I,5,0.5362582802772522,-1
B00URH5E34,3,0.552334725856781,0
B00V4BGDKU,3,0.4364626109600067,-1
B00V9NHDI4,4,0.760825514793396,14
B00VA7YYUO,5,0.4233856201171875,12
B00W56GLOQ,3,0.5572848916053772,4
B00Y4ORQ46,3,0.6230491399765015,1
B00YMJ0OI8,4,0.5454734563827515,2
B00YQLG7GK,4,0.47074881196022034,4
B00ZRBWPA0,5,0.6452740430831909,-1
B00ZYLMQH0,4,0.5867975354194641,6
B0116MIKKC,5,0.5809281468391418,0
B0117H7GZ6,1,0.5853460431098938,-1
B0123P3PWE,3,0.46212154626846313,-1
B012ELCYUG,4,0.6457375288009644,4
B012MQS060,3,0.469408243894577,6
B013B2WGT6,4,0.7221921682357788,13
B0141EZMAI,3,0.36993902921676636,18
B01486F4G6,4,0.4537893235683441,2
B0148NPH9I,4,0.5039039850234985,6
B014HDJ7ZE,2,0.40774214267730713,15
B014I8SSD0,4,0.5173609852790833,21
B014I8SX4Y,4,0.5173609852790833,21
B014SZO90Y,5,0.682088315486908,-1
B014SZPBM4,5,0.6902111172676086,0
B015GX9Y0W,4,0.469862163066864,2
B015OW3M1W,4,0.5219287276268005,21
B015ZXUDD0,4,0.6339958310127258,0
B0162K34H2,4,0.5358237028121948,0
B0162LYSFS,1,0.5055047273635864,0
B016MDK4F4,5,0.5871826410293579,0
B016XVRKZM,3,0.4250440299510956,3
B017NC2IPM,4,0.32353779673576355,18
B017PDR9N0,3,0.48557162284851074,-1
B0187F2IOK,5,0.659163236618042,4
B0188KPKB2,4,0.6145495176315308,4
B01892MIPA,4,0.6353111267089844,15
B018SJJ0GE,4,0.7648073434829712,2
B01C8P29N0,3,0.5045103430747986,16
B01C8P29T4,4,0.5579895377159119,16
B01CS4A5V4,3,0.5539417862892151,8
B01D5H8LDM,4,0.5367935299873352,-1
B01D5H8ZI8,4,0.6275947690010071,21
B01D5H90L4,5,0.6593934297561646,21
B01DEWVZ2C,3,0.4197023808956146,1
B01DF26V7A,3,0.47475045919418335,1
B01DGVKBC6,4,0.524792492389679,18
B01DJJVFPC,4,0.4432229697704315,6
B01EJ5MM5M,3,0.39439383149147034,12
B01EY310UM,4,0.4875945448875427,16
B01EZ0X3L8,3,0.6804441809654236,11
B01F25X6RQ,3,0.6330925822257996,1
B01F262EUU,3,0.6330925822257996,1
B01F7B2JCI,4,0.6649099588394165,13
B01FSYQ2A4,4,0.33563345670700073,1
B01GFTEV5Y,3,0.5524142980575562,2
B01GGKYKQM,5,0.8884857296943665,0
B01GGKZ0V6,3,0.49081021547317505,0
B01GGKZ4NU,3,0.6167188286781311,0
B01GZSQJPA,3,0.5272403955459595,4
B01HGCLUH6,2,0.38512927293777466,18
B01HJI0FS2,4,0.7320178747177124,6
B01I1LDZGA,4,0.6408929824829102,2
B01IBRHE3E,4,0.5448045134544373,14
B01IOZUHRS,5,0.38352087140083313,0
B01J0XWYKQ,4,0.6920843720436096,6
B01J1CFO5I,5,0.4869678318500519,6
B01J8S6X2I,4,0.44958606362342834,21
B01JOFKL0A,4,0.4982600212097168,12
B01KCSGBU2,5,0.6769505739212036,14
B01KK0HU3Y,3,0.653366208076477,6
B01L6MT7E0,3,0.38154348731040955,14
B01L7C4IU2,3,0.41399285197257996,-1
B01L8ZNWN2,3,0.5125178694725037,11
B01LONQBDG,4,0.524870753288269,0
B01LWYDEQ7,4,0.48775234818458557,4
B01LY9W8AF,3,0.6393292546272278,24
B01LYLJ99X,2,0.4000003933906555,11
B01LYU3BZF,3,0.3251572251319885,-1
B01M0505SJ,4,0.4561704099178314,-1
B01M265AAK,2,0.27931705117225647,10
B01M4GGIVU,4,0.51611328125,21
B01M5967SY,3,0.42414507269859314,21
B01M5B0TPW,4,0.4344603717327118,4
B01M5F614J,2,0.2969297766685486,10
B01M6453MB,2,0.4839846193790436,2
B01M69WCZ6,4,0.4682144224643707,-1
B01M72LILF,4,0.4453340470790863,6
B01MF8MB65,3,0.3720841705799103,1
B01MQ2A86A,4,0.5610995888710022,6
B01MQZ7J8K,4,0.6435769200325012,2
B01MRARGBW,4,0.2862069308757782,13
B01MUAUOCX,5,0.6188182830810547,4
B01MY839VW,5,0.5454731583595276,16
B01N1XVVLC,4,0.49072086811065674,10
B01N4EV2TL,3,0.5306004285812378,6
B01N6IJG0F,5,0.5452858805656433,16
B01N6LU1VF,1,0.42542028427124023,11
B01N90RZ4M,3,0.7026837468147278,7
B01NBX5RSB,5,0.5495344996452332,0
B01NCVJMKX,4,0.6723194718360901,20
B06XDKWLJH,4,0.6755576133728027,11
B06XFTHCNY,4,0.5934101343154907,-1
B06XGWRKYT,3,0.2980651259422302,3
B06XMZV7RH,3,0.48470959067344666,13
B06XPYRWV5,4,0.6661979556083679,2
B06XR9PR5X,5,0.5431098937988281,21
B06XSK3XL6,4,0.44447121024131775,0
B06Y36JKC3,4,0.9319021105766296,13
B071113J7M,4,0.4284123182296753,4
B0711PVX6Z,5,0.43188491463661194,0
B0718ZN31Q,3,0.4760059416294098,0
B071R3LHFM,2,0.5141652226448059,4
B071SDRGWL,5,0.43729686737060547,0
B071VMP1Z4,4,0.46879565715789795,7
B071VNHMX2,4,0.5879432559013367,2
B071Z8M4KX,2,0.5081692934036255,1
B07222HQKP,4,0.6731103658676147,11
B07232M876,5,0.46097463369369507,0
B072J83V9W,4,0.5094537138938904,14
B072NCN9M4,4,0.5054422616958618,14
B073BRXPZX,4,0.6205240488052368,6
B0746JGVDS,3,0.43734246492385864,8
B0746N6WML,5,0.6718287467956543,12
B0747VDH9L,4,0.37862035632133484,4
B074CWD7MS,4,0.4417266547679901,8
B0752LL57V,4,0.508230984210968,13
B0756CLQWL,3,0.4705039858818054,6
B0756K5DYZ,2,0.5187084078788757,4
B0756KCV5K,3,0.40174224972724915,2
B0758F7KK7,3,0.9769847393035889,8
B0759QMF85,3,0.4188198447227478,18
B075DB1F13,4,0.8720622062683105,0
B075JJ5NQC,5,0.9056698083877563,19
B075K76YW1,3,0.5101987719535828,4
B075S9FVRY,4,0.5443119406700134,4
B075TJHWVC,4,0.47283822298049927,3
B075ZTJ9XR,5,0.7303785681724548,21
B0762HXMTF,4,0.5759680271148682,22
B0763K5HLQ,3,0.6585981249809265,23
B0765B3TH7,4,0.6543595790863037,-1
B076B8G5D8,4,0.5513423681259155,1
B076VQS87V,3,0.44169342517852783,-1
B077BTLQ67,3,0.4987979233264923,15
B077T3BG5L,2,0.43546560406684875,6
B077Z65HSD,5,0.5277376174926758,0
B0789LZTCJ,4,0.5155476927757263,0
B078G6ZF5Z,4,0.542395293712616,0
B078HG2ZPS,4,0.6575755476951599,-1
B078HRR1XV,2,0.5301555395126343,19
B078JBK4GX,4,0.9077411890029907,15
B078JDNZJ8,4,0.5604957342147827,15
B078JF6X9B,4,0.5230247378349304,15
B078JT7LTD,3,0.3633454144001007,4
B078KRFWQB,3,0.47406479716300964,10
B078V8R9BS,4,0.7133487462997437,2
B078W65FJ7,4,0.5037141442298889,1
B078WB1VWJ,3,0.5030142068862915,16
B078XFKBZL,2,0.4856025278568268,22
B07924P3C5,3,0.5733333230018616,11
B07966M8XH,5,0.7828406691551208,8
B07989VV5K,2,0.5123983025550842,16
B0798PJPCL,4,0.5053483247756958,8
B079S811J3,4,0.4246881306171417,1
B079Y6JZC8,4,0.7965937256813049,6
B07B275VN9,2,0.4856686592102051,7
B07B5XJ572,4,0.5983152389526367,2
B07B88KQZ8,4,0.4111437201499939,1
B07BKSSDR2,4,0.45762962102890015,13
B07BRKK9JQ,3,0.40962135791778564,6
B07CD2BN46,5,0.7203754782676697,1
B07CRL2GY6,4,0.4806045889854431,0
B07CVR2L5K,4,0.510109007358551,4
B07CWDX49D,4,0.49388569593429565,0
B07CWNJLPC,4,0.49388569593429565,0
B07D2NMTTV,4,0.9491082429885864,16
B07D8VBYB4,4,0.7242134213447571,4
B07DC4RZPY,3,0.39960214495658875,0
B07DFYJRQV,3,0.589693546295166,1
B07DGD4Z4C,3,0.37019607424736023,4
B07DJ5KYDZ,5,0.7981149554252625,0
B07DJLFMPS,5,0.7043642997741699,17
B07DKZCZ89,4,0.5019676685333252,1
B07DL1KC3H,5,0.5139196515083313,7
B07DWFX9YS,4,0.3583674728870392,0
B07DXRGWDJ,3,0.6153496503829956,16
B07DZ986Q2,2,0.6167865991592407,-1
B07F1P8KNV,4,0.5451539158821106,0
B07F1T31ZZ,4,0.5481888055801392,23
B07F366Z51,4,0.6666818261146545,2
B07F6GXNPB,5,0.5553964972496033,14
B07FJNNZCJ,5,0.5341541171073914,-1
B07FL3WRX5,3,0.36760351061820984,4
B07FXLC2G2,4,0.49534013867378235,22
B07G147SZD,4,0.37175416946411133,15
B07G3YNLJB,4,0.6818873286247253,11
B07GLNJC25,4,0.4846116304397583,-1
B07GLS2563,3,0.6663278341293335,2
B07GLSKXS1,2,0.440305233001709,2
B07GMFY9QM,4,0.5130114555358887,2
B07GNC2592,4,0.5014299154281616,14
B07GPXXNNG,2,0.5081692934036255,1
B07GQD4K6L,2,0.5081693530082703,1
B07GVGTSLN,4,0.5010786652565002,0
B07GVR9TG7,3,0.3487369418144226,18
B07GWTWFS2,3,0.4579218029975891,2
B07GXHC691,4,0.6872624158859253,8
B07GXPDLYQ,3,0.6376738548278809,23
B07H1S7XW8,4,0.46933192014694214,8
B07H3N8RJH,4,0.663555920124054,14
B07H3WDC4X,4,0.6928383708000183,2
B07H5PBN54,4,0.3223719000816345,15
B07H8W9PB6,4,0.43727388978004456,19
B07HK53XM4,2,0.4900897145271301,20
B07HZ2QCGR,2,0.31056541204452515,0
B07J2BQZD6,2,0.47176864743232727,24
B07J2NGB69,3,0.6934820413589478,6
B07J9KXQCC,3,0.530349850654602,10
B07JB2Y4SR,4,0.4566539525985718,12
B07JF9B592,2,0.4129283130168915,1
B07JGCGNDG,4,0.45507803559303284,15
B07JGDB5M1,4,0.5531209707260132,0
B07JH1C41D,4,0.5496770143508911,0
B07JH1CBGW,4,0.5496770143508911,0
B07JJFSG2B,3,0.5297194719314575,11
B07JNVF678,5,0.6444952487945557,0
B07JPJJZ2H,5,0.6444952487945557,0
B07JPX9CR7,4,0.58223956823349,6
B07JQKQ91F,4,0.6163045167922974,1
B07JW1Y6XV,4,0.5531209707260132,0
B07JW9H4J1,4,0.4809268116950989,0
B07JZSG42Y,4,0.7199485301971436,2
B07K19NYZ8,1,0.25039178133010864,10
B07K2HVKLL,3,0.3728991448879242,10
B07KCMR8D6,4,0.5092214941978455,12
B07KKJPTWB,4,0.42279350757598877,4
B07KNM95JK,5,0.530485987663269,13
B07KR5P3YD,3,0.7202506065368652,6
B07KRCW6LZ,5,0.44046494364738464,18
B07KSB1MLX,4,0.5770595073699951,3
B07KSMBL2H,5,0.46902406215667725,21
B07KY3FNQP,2,0.4598766565322876,1
B07L1N3TJX,4,0.3186895549297333,0
B07L3NDN24,4,0.5833166837692261,1
B07L5L4GTB,4,0.4739477038383484,12
B07L8KNP5F,3,0.4417133331298828,1
B07L9FW9GF,3,0.4617674648761749,6
B07LDN9Q2P,5,0.8042978644371033,16
B07LDPLSZC,5,0.5525797605514526,16
B07LFQLKFZ,4,0.5465062856674194,12
B07LFWP97N,4,0.608250617980957,8
B07LG59NPV,5,0.6885210275650024,1
B07LG96SDB,2,0.6516377329826355,-1
B07LGT55SJ,4,0.5535967350006104,0
B07M69276N,4,0.5593088269233704,18
B07MDRGHWQ,3,0.4630819261074066,21
B07MKFNHKG,3,0.4680536389350891,21
B07MKMFKPG,2,0.3552117943763733,4
B07MP21WJD,4,0.49095210433006287,20
B07MSLTW8Z,3,0.4897364675998688,8
B07N2MGB3G,4,0.5576769113540649,2
B07N42JB4S,5,0.7513285279273987,8
B07N8RQ6W7,4,0.6400010585784912,8
B07NC12T2R,3,0.4461979866027832,1
B07NCKMXVZ,4,0.9866456389427185,20
B07NKNBTT3,3,0.4191913902759552,20
B07NPBG1B4,3,0.4702126085758209,-1
B07NRTCDS5,4,0.6440584063529968,4
B07NTKGW45,4,0.5733139514923096,8
B07P1BR7L8,5,0.7388861775398254,2
B07P434WJY,5,0.7069409489631653,12
B07P681N66,4,0.47927147150039673,18
B07PFJ5VQD,4,0.5778102278709412,0
B07PFJ5W31,4,0.5829053521156311,0
B07PLHTTB4,4,0.6590858697891235,19
B07PR1CL3S,3,0.4878309369087219,1
B07Q4NJQC5,4,0.6820383667945862,13
B07Q4QV1DL,4,0.5333922505378723,8
B07Q7561HD,4,0.3698914051055908,5
B07QCWY5XV,4,0.5753780603408813,8
B07QDSN9V6,4,0.6507107615470886,2
B07QHHCB27,3,0.5681671500205994,4
B07QMRHWJD,4,0.6637634634971619,19
B07QZ3CZ48,4,0.7522023916244507,1
B07R679HTT,4,0.5741694569587708,4
B07R99NBVB,4,0.5949397683143616,0
B07RCGTZ4M,4,0.49015817046165466,14
B07RD611Z8,4,0.6751632690429688,0
B07RX14W1Q,4,0.4498160183429718,21
B07RX42D3D,4,0.5851089358329773,13
B07RY2X9MP,5,0.7141889929771423,21
B07RZZ1QSW,4,0.44917774200439453,8
B07S7DCJKS,4,0.5969927906990051,13
B07S851WX5,4,0.7609522938728333,2
B07S9M8YTY,3,0.47951650619506836,16
B07S9S86BF,4,0.5323996543884277,1
B07SBGFDX9,3,0.8008745908737183,12
B07SLMR1K6,4,0.5276345014572144,11
B07SLNG3LW,4,0.5427360534667969,14
B07SPVMSC6,3,0.40782323479652405,-1
B07SRM58TP,3,0.5989940166473389,14
B07SY4C3TD,4,0.4343607723712921,12
B07SYYVP69,4,0.6849010586738586,2
B07T4D9FNY,5,0.5401917099952698,16
B07T5DKR5D,2,0.4882577955722809,1
B07T9FV9YP,3,0.4432372450828552,1
B07TC9F7PN,3,0.6260988116264343,15
B07TCN5VR9,3,0.4717921018600464,1
B07TMCXRFV,4,0.9747322201728821,25
B07TR5HSR9,3,0.5443247556686401,8
B07TTSS5MP,3,0.4754750728607178,4
B07TXCY3YK,3,0.4291612505912781,13
B07V5YF4ND,4,0.4665190577507019,7
B07V82W5CN,2,0.39504218101501465,6
B07VJ9ZTXS,4,0.7414710521697998,21
B07VNFP3C2,3,0.5094675421714783,2
B07VQGVL68,3,0.5502188801765442,13
B07VSG5SXZ,4,0.46632859110832214,21
B07VTFN6HM,3,0.4676831364631653,11
B07VV37FT4,3,0.5700602531433105,12
B07VVXJ2P5,3,0.6255940794944763,8
B07VX71FZP,4,0.617560625076294,10
B07VZH6ZBB,3,0.4274138808250427,15
B07VZYMQNZ,4,0.4718945026397705,2
B07W14CHV8,3,0.5191124081611633,11
B07W4HTS8Q,2,0.45789000391960144,-1
B07W6VWZ8C,4,0.8024795651435852,1
B07W7Z6DVL,4,0.6921631097793579,1
B07W9KYT62,2,0.47675034403800964,18
B07WDK3ZS2,3,0.4624519944190979,9
B07WDK3ZS6,3,0.46854904294013977,9
B07WDKLDRX,3,0.36330902576446533,9
B07WDKLRM4,3,0.46854904294013977,9
B07WFPMGQQ,3,0.4624519944190979,9
B07WG8PDCW,3,0.5188829302787781,1
B07WGMMQGP,3,0.45003262162208557,17
B07WGPBXY9,3,0.4570569694042206,2
B07WGPKMP5,3,0.46854904294013977,9
B07WGPKTS4,3,0.46854904294013977,9
B07WHQBZLS,3,0.45003262162208557,17
B07WHQWXL7,3,0.46854904294013977,9
B07WHS7MZ1,3,0.42434489727020264,9
B07WHSJXLF,3,0.4624519944190979,9
B07WJV6P1R,3,0.46854904294013977,9
B07WJWRNVK,3,0.45003262162208557,17
B07WJXCTG9,3,0.515628457069397,-1
B07WKB69RS,3,0.34632372856140137,15
B07WKBD37W,3,0.4280584752559662,8
B07WMS7TWB,3,0.5164613127708435,2
B07WNK1FFN,4,0.7503650188446045,2
B07WVQG8WZ,3,0.6295499801635742,16
B07X2L5Z8C,4,0.6135006546974182,6
B07X963JNS,3,0.51139897108078,5
B07XCM6T4N,4,0.9180794954299927,13
B07XJWTYM2,4,0.5246905088424683,1
B07XJYYH7L,2,0.5704277753829956,0
B07XLCFSSN,4,0.45496341586112976,0
B07XLML2YS,4,0.575553297996521,17
B07Y1RCCW5,2,0.4902561902999878,15
B07Y5FDPKV,3,0.5408092737197876,4
B07Y9PY6Y1,4,0.9288170337677002,4
B07YC8JHMB,3,0.46391046047210693,22
B07YCBSCYB,2,0.3504359722137451,2
B07YFWVRCM,3,0.6003270149230957,17
B07YL54NVJ,5,0.5763171315193176,11
B07YNHCW6N,4,0.5523959398269653,19
B07YNTJ8ZM,4,0.6453799605369568,1
B07YQ5SN4H,4,0.5127354264259338,-1
B07YR26BJ3,4,0.6661163568496704,2
B07YSJ7FF1,4,0.5233250260353088,13
B07YTNKVJQ,4,0.539973795413971,0
B07YWS9SP9,4,0.5992587208747864,-1
B07YY1BY5B,4,0.5612192153930664,5
B07YZG8PPY,4,0.6019970178604126,3
B07Z1X6VFC,4,0.4662556052207947,8
B07Z1YVP72,4,0.5780196785926819,8
B07Z1Z77ZZ,3,0.554783046245575,8
B07Z3K96FR,3,0.6192406415939331,25
B07Z51CGGH,3,0.5038875341415405,14
B07Z53L5QL,4,0.4106985330581665,19
B07ZJND9B9,3,0.4443483352661133,-1
B07ZKD8T1Q,4,0.4724382162094116,18
B07ZR4S1G4,1,0.6424413919448853,7
B0811VCGL5,4,0.642137885093689,14
B0814LP6S9,4,0.6582502126693726,24
B0814P4L98,5,0.5859814286231995,24
B0814ZY6FP,3,0.41383710503578186,1
B0819HZPXL,2,0.3483825922012329,6
B0819ZZK5K,4,0.43617117404937744,11
B081B1JL35,3,0.4016767740249634,13
B081FG1QYX,4,0.883183479309082,0
B081FJWN52,4,0.883183479309082,0
B081NHWT6Z,4,0.7005683779716492,7
B081RLM75M,3,0.43453505635261536,20
B08235JZFB,4,0.5809457302093506,-1
B08243SKCK,5,0.6631990075111389,-1
B082FTPRSK,3,0.525084912776947,-1
B082KVTRW8,4,0.47433769702911377,2
B082LSVT4B,4,0.5494379997253418,0
B082LZGK39,4,0.5494379997253418,0
B082T6GVG9,2,0.4046137034893036,0
B082T6GVLJ,2,0.37735503911972046,0
B082T6GXS5,4,0.6073230504989624,0
B082T6V3DT,4,0.5656459331512451,0
B082ZQ4479,3,0.6565954685211182,4
B0832W3B7Q,3,0.6550309658050537,2
B083342NKJ,4,0.5085013508796692,0
B0836JGZ74,3,0.6864133477210999,-1
B083GKDRKR,4,0.8511679172515869,2
B083GQGT3Z,3,0.5707369446754456,8
B083J64CBB,3,0.6051934957504272,24
B083M7WPZD,3,0.5912699699401855,14
B083P71WKK,3,0.6045973300933838,13
B083RC4WFJ,3,0.4670026898384094,24
B083RCTXLL,4,0.7519828677177429,6
B083RD1J99,4,0.6616447567939758,6
B083T5G5PM,3,0.5418877005577087,1
B0841KQR1Z,2,0.4141819179058075,7
B08444S68L,4,0.6226216554641724,9
B08461VC1Z,4,0.5030142664909363,6
B0846D5CBP,3,0.4610815644264221,-1
B084872DQY,3,0.33714839816093445,7
B08497Z1MQ,2,0.4654291272163391,6
B08498D67S,3,0.5537387132644653,6
B08498H13H,3,0.6886022686958313,6
B084BR3QX8,3,0.41368573904037476,0
B084DTMYWK,2,0.37839025259017944,0
B084MZXJN6,3,0.4482380449771881,0
B084MZXJNK,5,0.9341699481010437,0
B084MZYBTV,5,0.6737156510353088,0
B084N133Y7,5,0.9341699481010437,0
B084N18QZY,4,0.38711827993392944,0
B084N1BM9L,3,0.4482380449771881,0
B084PJSSQ1,3,0.4817984998226166,11
B085194JFL,3,0.43694204092025757,21
B0856HNMR7,4,0.6859985589981079,1
B0856HY85J,3,0.47258028388023376,1
B0859M539M,4,0.49167194962501526,18
B085CZ3SR1,4,0.6459229588508606,0
B085DTN6R2,4,0.4766513407230377,0
B085HY1DGR,4,0.4182453751564026,0
B085LPT5F4,3,0.4215688407421112,-1
B085W8CFLH,4,0.8970158696174622,1
B086199CWG,3,0.6884065866470337,4
B086394NY5,3,0.5235431790351868,8
B086GVRP63,3,0.5574683547019958,23
B086JTMRYL,5,0.6780939698219299,0
B086PXQ2R4,3,0.5161624550819397,12
B086Q3QMFS,5,0.6232767105102539,12
B086WMSCN3,3,0.4366908371448517,1
B086X18Q71,3,0.47609248757362366,20
B0873L7J6X,3,0.4127921164035797,1
B087FXHB6J,4,0.6661791801452637,6
B087JWLZ2K,4,0.41904303431510925,3
B0883KDSXC,4,0.5561608672142029,-1
B0883LQJ6B,4,0.5332481265068054,16
B088GXTJM3,3,0.42741620540618896,8
B088WCFPQF,4,0.5719204545021057,23
B088Z1YWBC,4,0.4399510324001312,3
B088ZFJY82,4,0.5333921909332275,8
B088ZTJT2R,3,0.45728081464767456,-1
B089BDBDGM,4,0.5062296986579895,24
B089WB69Y1,4,0.6346232295036316,0
B08B42LWKN,4,0.6126866340637207,3
B08B6XWQ1C,4,0.47663694620132446,8
B08BCKN299,4,0.6265701651573181,1
B08BG4M4N7,4,0.46996939182281494,7
B08BJN4MP3,3,0.466151624917984,22
B08BQ947H3,2,0.2920440435409546,25
B08C4Z69LN,2,0.3683658540248871,11
B08C7TYHPB,4,0.6418829560279846,0
B08CDKQ8T6,5,0.6748085021972656,0
B08CF3B7N1,4,0.35544729232788086,0
B08CF3D7QR,3,0.4907248020172119,0
B08CF4SCNP,2,0.49406370520591736,6
B08CFCK6CW,2,0.4743874669075012,1
B08CFJBZRK,3,0.4269134998321533,4
B08CGW4GYR,3,0.5828263163566589,23
B08CHKQ8D4,4,0.49821603298187256,0
B08CHZ3ZQ7,4,0.6898815631866455,6
B08CKW1KH9,3,0.6025230288505554,7
B08CNLYKW5,3,0.4334259331226349,4
B08CRRQK6Z,3,0.44872549176216125,1
B08CS3BT4L,3,0.7056463360786438,3
B08CT62BM1,3,0.41890379786491394,0
B08CTNJ985,3,0.41890379786491394,0
B08CTQP51L,4,0.7304230332374573,25
B08CYNJ5KY,3,0.7713509798049927,12
B08CYPB15D,4,0.49475789070129395,12
B08CZHGHKH,4,0.6063508987426758,19
B08D11DZ2W,2,0.3211245834827423,1
B08D64C9FN,4,0.46059587597846985,6
B08D6RCM3Q,4,0.5591272115707397,24
B08D75R3Z1,3,0.42139023542404175,1
B08D77XZX5,4,0.4144721031188965,1
B08D9MNH4B,3,0.4201771914958954,12
B08D9NDZ1Y,3,0.5877278447151184,12
B08DCVRW98,4,0.530929446220398,7
B08DDRGWTJ,4,0.43292543292045593,0
B08DPLCM6T,3,0.45128509402275085,3
B08F47T4X5,4,0.63798588514328,24
B08FB2LNSZ,3,0.6213065385818481,1
B08FD2VSD9,4,0.561477780342102,3
B08FGNPQ9X,2,0.4571705162525177,18
B08FN6WGDQ,3,0.6145768761634827,1
B08FTFXNNB,3,0.8180322051048279,17
B08FY4FG5X,1,0.4443882703781128,1
B08FYB5HHK,3,0.4364626109600067,11
B08G1RW2Q3,4,0.5784748792648315,0
B08G28Z33M,4,0.524183988571167,1
B08G43CCLC,2,0.35005366802215576,-1
B08G8H8DPL,4,0.6235091090202332,4
B08GJ57MKL,4,0.6928133964538574,14
B08GJNM9N7,4,0.5940884947776794,7
B08GM5S4CQ,4,0.48784875869750977,15
B08GSQXLJ2,3,0.4076598286628723,15
B08GTYFC37,2,0.3714204430580139,11
B08GYG6T12,3,0.3616572320461273,11
B08H21B6V7,4,0.6696799397468567,-1
B08H5L8V1L,5,0.508404552936554,0
B08H673XKN,4,0.7744150757789612,4
B08H6B3G96,4,0.4999438524246216,16
B08H6CZSHT,4,0.45165708661079407,16
B08H9Z3XQW,4,0.5912280082702637,1
B08HD7JQHX,3,0.47166916728019714,1
B08HDCWDXD,3,0.6468846201896667,14
B08HDH26JX,4,0.4806045889854431,0
B08HDJ86NZ,4,0.5154909491539001,0
B08HF4W2CT,3,0.51139897108078,5
B08HLC7Z3G,2,0.4461819529533386,2
B08HLZ28QC,4,0.8096948862075806,18
B08HQL67D6,3,0.4428207278251648,-1
B08HV25BBQ,4,0.5612192153930664,5
B08HV83HL3,4,0.5387024879455566,0
B08HVJCW95,4,0.5387024879455566,0
B08HVL8QN3,4,0.5387024879455566,0
B08J4PL1Z3,3,0.6130428314208984,6
B08J7VCT12,4,0.9124500751495361,14
B08J82K4GX,3,0.5084874033927917,3
B08JD36C6H,4,0.577828049659729,11
B08JKPVDKL,4,0.8545956015586853,13
B08JMC1988,3,0.6967414617538452,1
B08JQN8DGZ,3,0.5356394648551941,1
B08JV91JTK,4,0.609034538269043,4
B08JW1GVS7,3,0.4783799648284912,0
B08K36NZSV,5,0.5262895822525024,22
B08K4PSZ3V,4,0.40967729687690735,19
B08K4RDQ71,3,0.4657026529312134,19
B08K9PX15C,4,0.4358896017074585,1
B08KDBLMQP,3,0.552524209022522,4
B08KHM9VBJ,2,0.4663427472114563,18
B08KRMK9LZ,4,0.4587516486644745,19
B08KS2KQTK,3,0.8163214921951294,23
B08L4SBJRY,3,0.5619486570358276,0
B08L5FM4JC,3,0.49671798944473267,11
B08L5HMJVW,3,0.49671798944473267,11
B08L7J3T31,3,0.4754631221294403,13
B08L879JSN,4,0.4416084587574005,3
B08LHTJTBB,4,0.9573925137519836,8
B08LKS3LSP,4,0.5410176515579224,0
B08LPJZSSW,4,0.6125593781471252,8
B08LT9BMPP,3,0.4116709232330322,6
B08LVVTGZK,4,0.7398433089256287,2
B08LW31NQ6,5,0.5856073498725891,6
B08M66K48D,3,0.41355466842651367,25
B08MC57J31,5,0.6459609270095825,-1
B08MCD9JFY,3,0.7246797680854797,19
B08MTCKDYN,4,0.46508216857910156,0
B08MTLLSL8,4,0.6843519806861877,1
B08MV82R99,5,0.5799744725227356,10
B08MVSGXMY,2,0.3874063193798065,10
B08MVXPTDG,4,0.5609342455863953,-1
B08MWJTST6,4,0.6908347010612488,8
B08MXJYB2V,3,0.4506041407585144,4
B08MZNT7GP,3,0.3969791531562805,10
B08MZQBFLN,3,0.47272583842277527,8
B08N1WL9XW,4,0.5504971146583557,-1
B08N6P8G5K,5,0.9085099697113037,2
B08NCKT9FG,5,0.4004177153110504,0
B08NW8GHCJ,5,0.7017627358436584,0
B08P9RYPLR,4,0.6174859404563904,-1
B08PFSZ7FH,4,0.6933205127716064,8
B08PKBMJKS,3,0.43276098370552063,7
B08PPHFXG3,4,0.44974184036254883,21
B08PSQRW2T,5,0.7565236687660217,0
B08PSVBB2X,5,0.7565236687660217,0
B08PV1X771,3,0.41692668199539185,3
B08PZ6HZLT,4,0.5878428220748901,3
B08QDPB1SL,3,0.3686751127243042,0
B08QHLXWV3,2,0.45619383454322815,10
B08QJJCY2Q,4,0.8507553935050964,6
B08QSC1XY8,4,0.6129072308540344,0
B08QSDKFGQ,4,0.705886721611023,0
B08QW937WV,5,0.6529396176338196,10
B08QX1CC14,3,0.3935560882091522,3
B08R69VDHT,5,0.44586578011512756,0
B08R69WBN7,4,0.5321153402328491,0
B08RDWBYCQ,3,0.4830256402492523,-1
B08RHPDNVV,1,0.4272310733795166,7
B08RP2L2NL,3,0.6083409190177917,0
B08RWCZ6SY,4,0.5022163391113281,7
B08RX8G496,3,0.461154043674469,7
B08RZ12GKR,2,0.5573853850364685,7
B08RZ5K9YH,4,0.5267288684844971,0
B08S6RKT4L,3,0.39307835698127747,4
B08S74GTBT,2,0.37888357043266296,1
B08S7V8YTN,4,0.5028553605079651,2
B08SBH499M,4,0.6450826525688171,1
B08SCCG9D4,4,0.5132949352264404,1
B08SJVD8QD,3,0.6189878582954407,13
B08SKZ2RMG,4,0.5494740009307861,20
B08SMJT55F,4,0.8873211145401001,1
B08T8KWNQ9,3,0.5755472183227539,15
B08TDJ5BVF,3,0.46293091773986816,0
B08TDJNM3G,4,0.5507832169532776,-1
B08TGG316Z,5,0.8904779553413391,21
B08TM71L54,4,0.5537120699882507,16
B08TR61BVK,4,0.5799208879470825,8
B08TT63N58,3,0.5362152457237244,4
B08TTRVWKY,4,0.680363655090332,2
B08TV2P1N8,2,0.3636031150817871,1
B08TZD7FQN,2,0.4723565876483917,7
B08V9C4B1J,5,0.7017627358436584,0
B08VB2CMR3,3,0.4442351460456848,17
B08VB34KJ1,3,0.4442351460456848,17
B08VB57558,5,0.5526596307754517,9
B08VF8V79P,2,0.32658398151397705,0
B08VFF6JQ8,3,0.4407656490802765,0
B08VGDBF3B,4,0.4421731233596802,24
B08VGFX2B6,4,0.5592348575592041,24
B08VGM3YMF,4,0.4496189057826996,24
B08VJFYH6N,4,0.5246668457984924,0
B08VRMK55F,3,0.47595566511154175,1
B08VS3YLRK,5,0.7758401036262512,0
B08W56G1K9,4,0.6850095391273499,0
B08W9BK4MD,4,0.7284896373748779,24
B08WD18LJZ,4,0.6063462495803833,19
B08WJ86PV2,4,0.5228868722915649,6
B08WKCTFF3,4,0.6256816983222961,8
B08WKFSN84,3,0.37017306685447693,0
B08WKG2MWT,3,0.37017306685447693,0
B08WLY8V9S,4,0.5932915806770325,6
B08WRBG3XW,4,0.2987530827522278,0
B08WRKSF9D,2,0.321787029504776,15
B08WRWPM22,4,0.2205483764410019,0
B08WWKM5HQ,2,0.4390314519405365,-1
B08X77LM8C,3,0.5017143487930298,1
B08XLR6DSB,3,0.566804051399231,20
B08XMG618K,4,0.5548399686813354,0
B08XMSKKMM,2,0.46424540877342224,7
B08XNL93PL,3,0.38157013058662415,19
B08XXF5V6G,3,0.5541232228279114,3
B08XXVXP3J,2,0.5323587656021118,11
B08Y1SJVV5,4,0.5090724229812622,0
B08Y1TFSP6,4,0.4813832640647888,0
B08Y55LPBF,3,0.43777793645858765,7
B08Y57TPDM,4,0.4559522569179535,-1
B08Y5KXR6Z,4,0.5043865442276001,0
B08Y5QJTVK,4,0.7179401516914368,0
B08Y5QJXSR,4,0.5151551961898804,7
B08Y7MXFMK,2,0.5180561542510986,6
B08YD264ZS,4,0.8063621520996094,8
B08YDFX7Y1,3,0.5306717157363892,6
B08YK7BBD2,3,0.5545857548713684,-1
B08YRMBK9R,2,0.44291016459465027,-1
B08YXJJW8H,4,0.7492696046829224,7
B08ZHYNTM1,4,0.6485258936882019,-1
B08ZJDWTJ1,4,0.5988542437553406,11
B08ZN4B121,2,0.5206170082092285,8
B08ZXZ362Z,3,0.7930942177772522,20
B09127FZCK,2,0.46149471402168274,7
B0912WJ87V,4,0.5785593390464783,14
B09163Q5CD,3,0.40776240825653076,21
B091JF2TFD,3,0.4275399446487427,1
B091KNVNS9,3,0.47397109866142273,2
B091V8HK8Z,3,0.49893736839294434,-1
B0926V9CTV,4,0.7194525599479675,8
B092BJMT8Q,4,0.485634982585907,3
B092BL5DCX,4,0.485634982585907,3
B092JHPL72,4,0.7651293277740479,8
B092R48XXB,4,0.4853488802909851,18
B092X94QNQ,3,0.4461582601070404,1
B093QCY6YJ,4,0.5898809432983398,18
B093ZNQZ2Y,2,0.5001760721206665,7
B0941392C8,4,0.24734964966773987,0
B09474JWN6,5,0.5681909918785095,20
B0949FPSFY,3,0.44943827390670776,23
B0949SBKMP,4,0.46689125895500183,5
B094DQWV9B,4,0.7464374899864197,0
B094G9L9LT,2,0.5385723114013672,2
B094JB13XL,3,0.42000529170036316,5
B094JNXNPV,3,0.4894229769706726,0
B094QZLJQ6,4,0.5004823207855225,11
B094YFFSMY,4,0.46760937571525574,8
B095244Q22,2,0.35309532284736633,0
B095JPKPH3,4,0.48432427644729614,3
B095JQVC7N,4,0.48432427644729614,3
B095K14P86,4,0.473403662443161,23
B095PWLLY6,4,0.6657825708389282,-1
B095RTJH1M,4,0.7158318161964417,25
B095X38CJS,4,0.4868060052394867,12
B095XCRDQW,4,0.3751697838306427,24
B096MSW6CT,4,0.5388554930686951,4
B096NTB9XT,2,0.311841756105423,22
B096TWZRJC,4,0.8524527549743652,8
B096VF5YYF,2,0.44714975357055664,5
B096YCN3SD,3,0.52384352684021,2
B0971DWFDT,4,0.6846400499343872,0
B0972BQ2RS,3,0.46432748436927795,5
B0974G5Q2Y,5,0.43729686737060547,0
B0974H97TJ,5,0.4004177153110504,0
B0977CGNJJ,5,0.5732976198196411,4
B0978V2CP6,4,0.5342294573783875,-1
B097C564GC,3,0.4579055905342102,0
B097JQ1J5G,2,0.5921083688735962,0
B097JVLW3L,2,0.3679716885089874,17
B097MKZHNV,4,0.5094071626663208,15
B097R25DP7,3,0.48007601499557495,5
B097R2V1W8,3,0.35784024000167847,15
B097R3XH9R,3,0.5051061511039734,15
B097R45BH8,4,0.4861588180065155,15
B097R4D42G,4,0.5807130336761475,15
B097RJ867P,5,0.5379032492637634,2
B097RN7BBK,3,0.5954014658927917,-1
B097XJQZ8H,4,0.482051819562912,4
B097ZQTDVZ,3,0.4272722005844116,7
B0981XSZJ7,4,0.5541946887969971,0
B0989W6J2F,5,0.5349203944206238,-1
B098JYT4SY,4,0.5615917444229126,6
B098K3H92Z,3,0.4566201865673065,0
B098LCVYPW,3,0.5242087244987488,7
B098NS6PVG,4,0.4682747721672058,0
B098QXR9X2,2,0.39512041211128235,0
B098R25TGC,3,0.5243114829063416,1
B098T9CJVQ,4,0.5027454495429993,-1
B098TV3L96,4,0.42101824283599854,7
B09939XJX8,4,0.6715908646583557,19
B0993BB11X,4,0.5415493845939636,-1
B0994GFWBH,3,0.4917406141757965,0
B0994GP1CX,3,0.6156132817268372,-1
B099FDW2ZF,4,0.7269246578216553,10
B099K9ZX65,4,0.3829796314239502,3
B099PR2GQJ,2,0.2827658951282501,10
B099S26HWG,3,0.49568817019462585,12
B099SD8PRP,5,0.7712268233299255,6
B099Z83VRC,4,0.6192563772201538,2
B09B125CFJ,4,0.4238632321357727,7
B09B9SPC7F,3,0.592218279838562,8
B09BCNQ9R2,5,0.5990447998046875,19
B09BF8JBWX,3,0.4858943819999695,17
B09BL2KHQW,4,0.4463037848472595,13
B09BN2NPBD,3,0.41173139214515686,8
B09BNXQ6BR,3,0.42000529170036316,5
B09BVCVTBC,4,0.4839683473110199,6
B09BW2GP18,2,0.4724731743335724,0
B09BW334ML,4,0.5930665731430054,7
B09C635BMM,3,0.5071254968643188,7
B09C6FML9B,2,0.40603500604629517,0
B09C6H53KH,5,0.47440052032470703,0
B09C6HWG18,3,0.3763136863708496,0
B09C6HXFC1,5,0.8234784603118896,0
B09CGLY5CX,3,0.43294379115104675,10
B09CKSYBLR,4,0.6427185535430908,4
B09CMM3VGK,3,0.44388672709465027,0
B09CMP1SC8,4,0.49126240611076355,0
B09CMQRQM6,4,0.6576011776924133,0
B09CTRPSJR,4,0.5916712284088135,19
B09CTWFV5W,3,0.37456387281417847,2
B09CYTJV3N,1,0.5026083588600159,17
B09DDCQFMT,2,0.4501652121543884,7
B09DG9VNWB,3,0.5130652785301208,5
B09DL9978Y,4,0.9546984434127808,15
B09DSQXCM8,4,0.5749757289886475,20
B09DSXK8JX,4,0.4212164878845215,3
B09F3PDDRF,3,0.45713797211647034,11
B09F5Z694W,4,0.7377195358276367,12
B09F6D21BY,1,0.7756259441375732,7
B09F6KL23R,3,0.415578693151474,4
B09F6S8BT6,3,0.45580896735191345,3
B09F6VHQXB,3,0.459577739238739,3
B09F9YQQ7B,4,0.40467438101768494,7
B09FFK1PQG,5,0.37682396173477173,0
B09FHHTL8L,2,0.5850325226783752,-1
B09FKDH6FS,4,0.5350989699363708,17
B09FPP3R1D,3,0.29943716526031494,2
B09FZ89DK6,2,0.406324565410614,14
B09G2VTHQM,4,0.9659546613693237,23
B09G5TSGXV,3,0.6702520251274109,0
B09GB5B4BK,4,0.5907047390937805,6
B09GBBJV72,4,0.8299561738967896,6
B09GFLXVH9,4,0.6223270297050476,9
B09GFM8CGS,4,0.6223270297050476,9
B09GFN8WZL,4,0.8942688703536987,19
B09GFPN6TP,4,0.6223270297050476,9
B09GFPVD9Y,4,0.6223270297050476,9
B09GFWJDY1,3,0.44131797552108765,1
B09GP6FBZT,4,0.5822325348854065,25
B09GYBZPHF,3,0.522844135761261,4
B09H34V36W,4,0.5111729502677917,10
B09H39KTTB,4,0.39384081959724426,7
B09H3BXWTK,3,0.44222259521484375,13
B09H7JDJCW,4,0.37191241979599,23
B09HCH3JZG,4,0.4241579473018646,21
B09HK9JH4F,4,0.4252412021160126,7
B09HN7LD5L,3,0.5618216395378113,8
B09HQSV46W,2,0.5016183853149414,3
B09HS1NDRQ,3,0.6604106426239014,24
B09HSKYMB3,3,0.5739545226097107,17
B09HV71RL1,4,0.49821603298187256,0
B09J2MM5C6,4,0.4028184115886688,25
B09J2QCKKM,2,0.4718341827392578,-1
B09J2SCVQT,4,0.30561041831970215,4
B09J4YQYX3,4,0.7760633826255798,2
B09JFR8H3Q,2,0.29628103971481323,22
B09JKNF147,4,0.5455605983734131,3
B09JN37WBX,3,0.4460974931716919,20
B09JPC82QC,4,0.41564980149269104,3
B09JS562TP,3,0.8630664348602295,1
B09JS94MBV,3,0.8630664348602295,1
B09JSW16QD,4,0.42134028673171997,0
B09KGV7WSV,4,0.5025339722633362,19
B09KH58JZR,2,0.46013006567955017,0
B09KLVMZ3B,3,0.41157522797584534,0
B09KNMLH4Y,5,0.8738161325454712,20
B09KPXTZXN,4,0.5917596817016602,-1
B09KRHXTLN,3,0.39472684264183044,10
B09L835C3V,4,0.4252412021160126,7
B09L8DSSFH,2,0.42675042152404785,7
B09L8DT7D6,3,0.5435272455215454,7
B09LD3116F,4,0.7887281179428101,17
B09LH32678,4,0.6509564518928528,2
B09LHXNZLR,3,0.46622276306152344,18
B09LHYZ3GJ,3,0.452711820602417,9
B09LHZSMRR,3,0.452711820602417,9
B09LJ116B5,3,0.452711820602417,9
B09LMMFW3S,3,0.5839363932609558,0
B09LQH3SD9,3,0.40142378211021423,10
B09LQQYNZQ,2,0.4141641855239868,3
B09LRZYBH1,4,0.43346530199050903,1
B09LV13JFB,1,0.6476723551750183,7
B09LV1CMGH,3,0.45955783128738403,10
B09M3F4HGB,4,0.47478625178337097,10
B09M869Z5V,3,0.5054807066917419,11
B09M8888DM,4,0.4999086558818817,6
B09MB3DKG1,2,0.4774833619594574,10
B09MDCZJXS,4,0.47233322262763977,1
B09MFR93KS,4,0.5186035633087158,4
B09MJ77786,3,0.3336579203605652,3
B09MKG4ZCM,3,0.3953416347503662,18
B09MKP344P,3,0.4459517300128937,9
B09MM6P76N,4,0.5634163618087769,7
B09MMD1FDN,3,0.3915562033653259,7
B09MQ9PDHR,3,0.4789981245994568,10
B09MQSCJQ1,4,0.5278487801551819,5
B09MT6XSFW,2,0.344237357378006,11
B09MT84WV5,2,0.4090839624404907,11
B09MT94QLL,3,0.4965970516204834,-1
B09MTLG4TP,5,0.5428540706634521,20
B09MY4W73Q,3,0.5278167128562927,25
B09MZ6WZ6V,4,0.6017617583274841,24
B09MZCQYHZ,4,0.5415493845939636,0
B09N3BFP4M,3,0.6013204455375671,15
B09N3ZNHTY,2,0.39019009470939636,1
B09N6TTHT6,4,0.6384091973304749,19
B09NBZ36F7,3,0.4502806067466736,2
B09NC2TY11,4,0.4540765881538391,5
B09ND94ZRG,3,0.4929395616054535,1
B09NFSHCWN,2,0.4600077271461487,10
B09NHVCHS9,4,0.41471540927886963,-1
B09NJN8L25,4,0.6174859404563904,-1
B09NKZXMWJ,4,0.5511700510978699,-1
B09NL4DCXK,4,0.4458940923213959,0
B09NL4DJ2Z,4,0.6174859404563904,-1
B09NL7LBWT,4,0.5250881314277649,20
B09NNGHG22,3,0.3284095823764801,3
B09NNHFSSF,5,0.48046672344207764,17
B09NNJ9WYM,2,0.4971076548099518,3
B09NNZ1GF7,4,0.5161877274513245,20
B09NR6G588,1,0.45744478702545166,1
B09NS5TKPN,3,0.5343919396400452,10
B09NTHQRW3,4,0.5108619332313538,4
B09NVPJ3P4,4,0.6445555090904236,5
B09NVPSCQT,4,0.5233955979347229,5
B09NY6TRXG,2,0.5805088877677917,17
B09NY7W8YD,3,0.43413570523262024,-1
B09P182Z2H,3,0.40074846148490906,-1
B09P18XVW6,4,0.6047906279563904,5
B09P1MFKG1,5,0.6235682964324951,10
B09P22HXH6,4,0.6002222895622253,9
B09P564ZTJ,3,0.47838830947875977,19
B09P858DK8,4,0.8162106871604919,-1
B09P8M18QM,2,0.4489419460296631,7
B09PDZNSBG,4,0.5285496115684509,16
B09PL79D2X,3,0.5076704621315002,1
B09PLD9TCD,4,0.4212164878845215,3
B09PLFJ7ZW,4,0.6047906279563904,5
B09PNKXSKF,4,0.6362681984901428,5
B09PNR6F8Q,4,0.6665341258049011,0
B09PTT8DZF,3,0.38856223225593567,0
B09Q3M3WLJ,3,0.482776403427124,25
B09Q5P2MT3,4,0.6126866340637207,3
B09Q5SWVBJ,4,0.6126866340637207,3
B09Q8HMKZX,5,0.2668357491493225,0
B09Q8WQ5QJ,3,0.45795828104019165,0
B09QGZFBPM,3,0.37017306685447693,0
B09QGZM8QB,3,0.37017306685447693,0
B09QS8V5N8,4,0.3332114517688751,9
B09QS9CWLV,4,0.3332114517688751,9
B09QS9X16F,4,0.3332114517688751,9
B09QS9X9L8,4,0.3332114517688751,9
B09R1YFL6S,3,0.3683365285396576,10
B09R83SFYV,3,0.4197061359882355,20
B09RF2QXGX,4,0.7389093637466431,25
B09RFB2SJQ,4,0.5763275623321533,5
B09RFC46VP,3,0.43777793645858765,7
B09RKFBCV7,4,0.5221808552742004,5
B09RMQYHLH,3,0.46122103929519653,9
B09RQRZW2X,2,0.5083500146865845,7
B09RWQ7YR6,4,0.4680945873260498,3
B09RWZRCP1,2,0.42074665427207947,0
B09RX1FK54,2,0.3747986853122711,0
B09RZS1NQT,4,0.5662556290626526,0
B09SB6SJB4,4,0.6958887577056885,0
B09SDDQQKP,4,0.9862040281295776,14
B09SFRNKSR,5,0.6378593444824219,20
B09SGGRKV8,3,0.4827468991279602,1
B09SJ1FTYV,4,0.5735363960266113,5
B09SPTNG58,3,0.5156515836715698,-1
B09SZ5TWHW,2,0.5302301645278931,14
B09T2S8X9C,4,0.5121632814407349,9
B09T2WRLJJ,4,0.5121632814407349,9
B09T37CKQ5,4,0.4458940923213959,0
B09T39K9YL,4,0.5121632814407349,9
B09T3H12GV,4,0.6793385148048401,6
B09T3KB6JZ,3,0.41486215591430664,3
B09TBCVJS3,3,0.5755118131637573,5
B09TMZ1MF8,2,0.3130705654621124,11
B09TP5KBN7,3,0.4774441123008728,0
B09TT6BFDX,4,0.706104040145874,7
B09TWH8YHM,4,0.7170827984809875,9
B09TWHTBKQ,4,0.7170827984809875,9
B09TY4MSH3,2,0.48148488998413086,7
B09V12K8NT,3,0.6174795627593994,5
B09V175NP7,3,0.532332718372345,5
B09V17S2BG,3,0.532332718372345,5
B09V2PZDX8,3,0.5075597763061523,-1
B09V2Q4QVQ,3,0.5075597763061523,17
B09VC2D2WG,3,0.48992684483528137,19
B09VCHLSJF,3,0.5092501044273376,3
B09VGKFM7Y,5,0.2563226819038391,0
B09VGS66FV,4,0.8396489024162292,2
B09VH568H7,2,0.44523441791534424,0
B09VKWGZD7,4,0.7286409139633179,-1
B09VL9KFDB,3,0.46044671535491943,-1
B09VPH38JS,4,0.5195508599281311,2
B09VT6JKRP,3,0.46242380142211914,0
B09VZBGL1N,5,0.8593729734420776,-1
B09W5XR9RT,5,0.6325647234916687,0
B09W9V2PXG,4,0.6546844244003296,13
B09WF4Q7B3,3,0.5252047181129456,16
B09WMTJPG7,4,0.6502838730812073,15
B09WN3SRC7,2,0.7600687146186829,3
B09WRMNJ9G,3,0.40826934576034546,9
B09X1M3DHX,4,0.5056456923484802,3
B09X5C9VLK,4,0.37261825799942017,4
B09X5HD5T1,4,0.5906031131744385,23
B09X76VL5L,3,0.4336812198162079,1
B09X79PP8F,2,0.37582311034202576,0
B09X7DY7Q4,3,0.7399514317512512,11
B09XB1R2F3,3,0.6805563569068909,20
B09XB7DPW1,4,0.45603951811790466,17
B09XB7SRQ5,4,0.45603951811790466,17
B09XB8GFBQ,4,0.45603951811790466,17
B09XBJ1CTN,4,0.5280585885047913,0
B09XHXXCFH,4,0.5865163803100586,2
B09XJ1LM7R,1,0.9421408176422119,3
B09XJ5LD6L,2,0.3985598385334015,7
B09XRBJ94N,4,0.797732949256897,2
B09XTQFFCG,5,0.5272015929222107,14
B09XX51X2G,3,0.6393045783042908,8
B09XXZXQC1,3,0.355581670999527,-1
B09Y14JLP3,5,0.846216082572937,8
B09Y358DZQ,2,0.5212955474853516,4
B09Y5FZK9N,4,0.9183617234230042,2
B09Y5MP7C4,3,0.4329228401184082,1
B09YDFDVNS,3,0.5075597763061523,-1
B09YDFKJF8,3,0.5075597763061523,-1
B09YHLPQYT,4,0.6150763630867004,7
B09YL9SN9B,4,0.5461183786392212,3
B09YLFHFDW,3,0.5437353849411011,1
B09YLWT89W,2,0.33333733677864075,22
B09YLX91QR,5,0.63250333070755,0
B09YLXYP7Y,5,0.6551421880722046,0
B09YLYB9PB,5,0.63250333070755,0
B09YV3K34W,4,0.4214916229248047,5
B09YV42QHZ,4,0.5548660159111023,5
B09YV463SW,4,0.5548660159111023,5
B09YV4MW2T,4,0.45566654205322266,5
B09YV4RG4D,4,0.5050752758979797,5
B09YV575RK,3,0.670350968837738,5
B09Z28BQZT,3,0.4838312864303589,8
B09Z6WH2N1,4,0.5152266621589661,0
B09Z7YGV3R,2,0.4430229663848877,8
B09ZDVL7L8,4,0.5330891609191895,13
B09ZHCJDP1,4,0.33705660700798035,6
B09ZK6THRR,4,0.5994210839271545,10
B09ZPJT8B2,4,0.3747829496860504,3
B09ZPL5VYM,5,0.6067622303962708,8
B09ZPM4C2C,4,0.40723323822021484,3
B09ZQK9X8G,3,0.5827900767326355,5
B09ZTZ9N3Q,3,0.39601439237594604,10
B09ZVJXN5L,3,0.40259280800819397,10
B0B12K5BPM,3,0.4670875370502472,1
B0B14MR9L1,4,0.7170827984809875,9
B0B15CPR37,4,0.485634982585907,3
B0B15GSPQW,4,0.485634982585907,3
B0B16KD737,4,0.4426937699317932,3
B0B19VJXQZ,4,0.5917125940322876,14
B0B1F6GQPS,3,0.5739562511444092,1
B0B1MDZV9C,4,0.6607799530029297,14
B0B1NX6JTN,4,0.5639296770095825,25
B0B1YVCJ2Y,4,0.4083259701728821,3
B0B1YY6JJL,4,0.4083259701728821,3
B0B1YZ9CB8,4,0.4083259701728821,3
B0B1YZX72F,4,0.4083259701728821,3
B0B217Z5VK,4,0.42507967352867126,1
B0B21C4BMX,3,0.40720927715301514,0
B0B21XL94T,2,0.4931398034095764,3
B0B23LW7NV,5,0.884469747543335,25
B0B244R4KB,4,0.7097260355949402,25
B0B25DJ352,5,0.4853214919567108,2
B0B25LQQPC,4,0.6117804646492004,11
B0B2931FCV,3,0.6211227178573608,1
B0B296NTFV,3,0.5299922823905945,6
B0B298D54H,4,0.5868289470672607,5
B0B2C5MJN6,3,0.46469953656196594,3
B0B2CPVXHX,4,0.37354108691215515,25
B0B2CWRDB1,4,0.6374138593673706,-1
B0B2CZTCL2,3,0.4621950387954712,2
B0B2DD66GS,2,0.39069297909736633,11
B0B2DD8BQ8,4,0.5489287376403809,2
B0B2DJ5RVQ,5,0.609459400177002,8
B0B2DJDCPX,5,0.6673306226730347,0
B0B2DZ5S6R,4,0.5332687497138977,13
B0B2PQL5N3,4,0.5860077142715454,6
B0B2RBP83P,4,0.6733640432357788,-1
B0B2X35B1K,4,0.3423905372619629,5
B0B31BYXQQ,4,0.6159567832946777,1
B0B31FR4Y2,3,0.5631692409515381,1
B0B3CPQ5PF,2,0.3391527831554413,9
B0B3CQBRB4,2,0.3391527831554413,9
B0B3D39RKV,2,0.3391527831554413,9
B0B3DV7S9B,3,0.6910344362258911,8
B0B3G5XZN5,3,0.5950877666473389,4
B0B3JSWG81,1,0.913167417049408,20
B0B3MMYHYW,3,0.5092501044273376,3
B0B3MQXNFB,4,0.6174859404563904,-1
B0B3MWYCHQ,3,0.3500753343105316,5
B0B3N7LR6K,3,0.4852498769760132,5
B0B3N8VG24,4,0.5504971146583557,-1
B0B3NDPCS9,4,0.5168394446372986,5
B0B3RHX6B6,1,0.44184771180152893,0
B0B3RRWSF6,4,0.5033121705055237,5
B0B3RS9DNF,4,0.5596935153007507,5
B0B3RSDSZ3,4,0.5596935153007507,5
B0B3TBY2YX,4,0.5539242029190063,2
B0B3X2BY3M,5,0.321428120136261,15
B0B3XXSB1K,2,0.38404563069343567,7
B0B3XY5YT4,2,0.38404566049575806,7
B0B466C3G4,4,0.3514082431793213,3
B0B467CCB9,4,0.5496891140937805,21
B0B4DT8MKT,5,0.49183037877082825,0
B0B4F1YC3J,3,0.44900235533714294,9
B0B4F2TTTS,3,0.44900235533714294,9
B0B4F2XCK3,3,0.44900235533714294,9
B0B4F2ZWL3,3,0.44900235533714294,9
B0B4F3QNDM,3,0.44900235533714294,9
B0B4F4QZ1H,3,0.44900235533714294,-1
B0B4F52B5X,3,0.44900235533714294,9
B0B4F5L738,3,0.44900235533714294,9
B0B4G2MWSB,3,0.5393165946006775,0
B0B4HJNPV4,4,0.37035396695137024,0
B0B4HKH19N,3,0.4188341498374939,0
B0B4KPCBSH,1,0.6333463788032532,23
B0B4PPD89B,3,0.5736211538314819,24
B0B4SJKRDF,3,0.3716432750225067,13
B0B4T6MR8N,3,0.4188341498374939,0
B0B4T8RSJ1,3,0.4206830561161041,0
B0B53DS4TF,5,0.5747029185295105,2
B0B53NXFFR,2,0.4358768165111542,5
B0B53QFZPY,2,0.4358768165111542,5
B0B53QLB9H,2,0.4358768165111542,5
B0B54Y2SNX,5,0.5940373539924622,0
B0B56YRBNT,1,0.6119166016578674,17
B0B59K1C8F,2,0.4754774570465088,20
B0B5B6PQCT,1,0.6062749624252319,5
B0B5CGTBKV,1,0.3957929015159607,5
B0B5D39BCD,1,0.3957929015159607,5
B0B5DDJNH4,1,0.3957929015159607,5
B0B5F3YZY4,5,0.5129830241203308,0
B0B5GF6DQD,3,0.43416497111320496,5
B0B5GJRTHB,4,0.31080228090286255,1
B0B5KZ3C53,3,0.43715205788612366,2
B0B5LVS732,4,0.4718577563762665,5
B0B5RP43VN,4,0.5074238181114197,-1
B0B5V47VK4,4,0.4485242962837219,9
B0B5YBGCKD,4,0.6416302919387817,25
B0B5ZF3NRK,4,0.5880125761032104,0
B0B61DSF17,4,0.40928131341934204,13
B0B61GCHC1,4,0.505316436290741,0
B0B61HYR92,3,0.4614861011505127,0
B0B65MJ45G,2,0.4965614378452301,0
B0B65P827P,2,0.4965614378452301,0
B0B694PXQJ,5,0.8073923587799072,13
B0B6BLTGTT,3,0.33179739117622375,5
B0B6F7LX4C,2,0.5018978118896484,3
B0B6F8HHR6,2,0.5015425682067871,3
B0B6F98KJJ,2,0.5016183853149414,3
B0B72BSW7K,3,0.4970977008342743,8
B0B7B9V9QP,3,0.3851872384548187,3
B0B7DHSKS7,3,0.7046417593955994,9
B0B7FJNSZR,4,0.5465987324714661,22
B0B7L86YCB,2,0.5434336066246033,23
B0B7NWGXS6,1,0.7506430745124817,10
B0B82YGCF6,2,0.5322396159172058,18
B0B84KSH3X,3,0.46243277192115784,16
B0B84QN4CN,2,0.4338706433773041,-1
B0B86CDHL1,2,0.29856833815574646,0
B0B8CB7MHW,4,0.6965331435203552,23
B0B8CHJLWJ,4,0.5298253893852234,25
B0B8CXTTG3,2,0.5018978714942932,3
B0B8SRZ5SV,4,0.6660524010658264,0
B0B8SSC5D9,4,0.6660523414611816,0
B0B8SSZ76F,4,0.4577823579311371,0
B0B8VQ7KDS,3,0.4551156163215637,-1
B0B8XNPQPN,4,0.3886036276817322,2
B0B8ZKWGKD,4,0.45601820945739746,0
B0B8ZM9RVV,5,0.7703736424446106,2
B0B8ZWNR5T,4,0.5651981234550476,0
B0B935YNR7,2,0.48546141386032104,4
B0B94JPY2N,3,0.5457426309585571,0
B0B97D658R,2,0.4702307879924774,-1
B0B9959XF3,4,0.9233978986740112,3
B0B997FBZT,4,0.9233978986740112,3
B0B9BD2YL4,4,0.42193546891212463,19
B0B9BXKBC7,4,0.48560580611228943,17
B0B9F9PT8R,3,0.4440692663192749,10
B0B9JZW1SQ,1,0.9017636775970459,4
B0B9LDCX89,3,0.48529529571533203,6
B0B9RN5X8B,4,0.49119192361831665,10
B0B9RZ4G4W,5,0.6633961200714111,4
B0B9XLX8VR,3,0.5758898854255676,3
B0B9XN9S3W,4,0.6248756647109985,3
B0BB3CBFBM,2,0.367807537317276,3
B0BBFJ9M3X,4,0.45592325925827026,9
B0BBFJLP21,4,0.4180494248867035,9
B0BBLHTRM9,2,0.5629661083221436,22
B0BBMGLQDW,5,0.5775671005249023,-1
B0BBMPH39N,4,0.7131332755088806,19
B0BBN3WF7V,2,0.43346884846687317,9
B0BBN4DZBD,2,0.43346884846687317,9
B0BBN56J5H,2,0.43346884846687317,9
B0BBVKRP7B,1,0.4731801748275757,-1
B0BBW521YC,3,0.5820425748825073,0
B0BBWJFK5C,4,0.4851701855659485,22
B0BC8BQ432,3,0.5758898854255676,3
B0BC9BW512,4,0.4083259701728821,3
B0BCKJJN8R,3,0.507684051990509,15
B0BCKWZ884,4,0.6374276876449585,7
B0BCVJ3PVP,5,0.4462387263774872,8
B0BCYQY9X5,4,0.253427654504776,22
B0BCZCQTJX,4,0.6763362288475037,7
B0BD3T6Z1D,4,0.4021291434764862,9
B0BD92GDQH,2,0.46138903498649597,5
B0BDG6QDYD,4,0.49754348397254944,10
B0BDRVFDKP,3,0.4559704065322876,11
B0BDS8MY8J,4,0.7054499983787537,11
B0BDYVC5TD,3,0.49671798944473267,11
B0BDYW3RN3,3,0.49671798944473267,11
B0BDZWMGZ1,2,0.3692456781864166,4
B0BF4YBLPX,4,0.6337928175926208,5
B0BF54972T,4,0.6337928175926208,5
B0BF54LXW6,4,0.6337928175926208,5
B0BF563HB4,4,0.6337928175926208,5
B0BF57RN3K,4,0.6337928175926208,5
B0BFBNXS94,1,0.8719567656517029,4
B0BFWGBX61,4,0.6015780568122864,0
B0BG62HMDJ,5,0.7321313619613647,11
B0BGPN4GGH,2,0.4619758427143097,10
B0BGSV43WY,4,0.34880033135414124,5
B0BHNHMR3H,3,0.3146192133426666,4
B0BHVPTM2C,3,0.532452404499054,8
B0BHYJ8CVF,3,0.5792088508605957,6
B0BHYLCL19,1,0.8267654776573181,22
B0BHZCNC4P,2,0.4149640202522278,7
B0BJ6P3LSK,3,0.4466905891895294,22
B0BJ966M5K,4,0.411501944065094,-1
B0BJYSCWFQ,5,0.3120500147342682,2
B0BK1K598K,4,0.9840940833091736,20
B0BL11S5QK,5,0.7333593368530273,13
B0BL3R4RGS,1,0.671282947063446,4
B0BLC2BYPX,5,0.473465234041214,2
B0BLV1GNLN,4,0.6850607991218567,3
B0BM4KTNL1,2,0.43064266443252563,0
B0BM9H2NY9,4,0.976132333278656,13
B0BMFD94VD,1,0.8915256261825562,14
B0BMGB2TPR,3,0.45601025223731995,9
B0BMGB3CH9,3,0.45601025223731995,9
B0BMGG6NKT,3,0.45601025223731995,9
B0BMM7R92G,5,0.9171819090843201,0
B0BMTZ4T1D,4,0.32829731702804565,10
B0BMVWKZ8G,2,0.48794177174568176,5
B0BMXMLSMM,5,0.8160574436187744,0
B0BMZ6SY89,4,0.348575234413147,10
B0BN2576GQ,5,0.961823046207428,-1
B0BN6M3TCM,5,0.7480083703994751,20
B0BNDD9TN6,5,0.6610705852508545,17
B0BNDGL26T,2,0.6128427982330322,4
B0BNDRK886,4,0.4848623275756836,22
B0BNLFQDG2,3,0.5134698152542114,10
B0BNQMF152,1,0.5727255344390869,4
B0BNV7JM5Y,4,0.9410426020622253,5
B0BNVBJW2S,4,0.9410426020622253,5
B0BNXFDTZ2,4,0.5326876044273376,5
B0BP18W8TM,4,0.6040946245193481,5
B0BP7XLX48,5,0.8335603475570679,0
B0BP89YBC1,3,0.46933692693710327,15
B0BPBG712X,5,0.7272331118583679,10
B0BPBXNQQT,5,0.49175697565078735,10
B0BPCJM7TB,5,0.36712998151779175,23
B0BPJBTB3F,1,0.7392175197601318,10
B0BQ3K23Y1,5,0.7082324624061584,23
B0BQRJ3C47,5,0.7867542505264282,-1
B0BR4F878Q,5,0.8645137548446655,14
